model,sustain_s,early_s,late_s,T,ff_rate,hit_rate
logreg,0,180,0,0.000,1.0000,0.0000
logreg,0,180,0,0.010,1.0000,0.0000
logreg,0,180,0,0.020,1.0000,0.0000
logreg,0,180,0,0.030,1.0000,0.0000
logreg,0,180,0,0.040,1.0000,0.0000
logreg,0,180,0,0.050,1.0000,0.0000
logreg,0,180,0,0.060,1.0000,0.0000
logreg,0,180,0,0.070,1.0000,0.0000
logreg,0,180,0,0.080,1.0000,0.0000
logreg,0,180,0,0.090,1.0000,0.0000
logreg,0,180,0,0.100,1.0000,0.0000
logreg,0,180,0,0.110,1.0000,0.0000
logreg,0,180,0,0.120,1.0000,0.0000
logreg,0,180,0,0.130,1.0000,0.0000
logreg,0,180,0,0.140,1.0000,0.0000
logreg,0,180,0,0.150,1.0000,0.0000
logreg,0,180,0,0.160,1.0000,0.0000
logreg,0,180,0,0.170,1.0000,0.0000
logreg,0,180,0,0.180,1.0000,0.0000
logreg,0,180,0,0.190,1.0000,0.0000
logreg,0,180,0,0.200,1.0000,0.0000
logreg,0,180,0,0.210,1.0000,0.0000
logreg,0,180,0,0.220,1.0000,0.0000
logreg,0,180,0,0.230,1.0000,0.0000
logreg,0,180,0,0.240,1.0000,0.0000
logreg,0,180,0,0.250,1.0000,0.0000
logreg,0,180,0,0.260,1.0000,0.0000
logreg,0,180,0,0.270,1.0000,0.0000
logreg,0,180,0,0.280,1.0000,0.0000
logreg,0,180,0,0.290,1.0000,0.0000
logreg,0,180,0,0.300,1.0000,0.0000
logreg,0,180,0,0.310,1.0000,0.0000
logreg,0,180,0,0.320,1.0000,0.0000
logreg,0,180,0,0.330,1.0000,0.0000
logreg,0,180,0,0.340,1.0000,0.0000
logreg,0,180,0,0.350,1.0000,0.0000
logreg,0,180,0,0.360,1.0000,0.0000
logreg,0,180,0,0.370,1.0000,0.0000
logreg,0,180,0,0.380,1.0000,0.0000
logreg,0,180,0,0.390,1.0000,0.0000
logreg,0,180,0,0.400,1.0000,0.0000
logreg,0,180,0,0.410,1.0000,0.0000
logreg,0,180,0,0.420,1.0000,0.0000
logreg,0,180,0,0.430,1.0000,0.0000
logreg,0,180,0,0.440,1.0000,0.0000
logreg,0,180,0,0.450,1.0000,0.0000
logreg,0,180,0,0.460,1.0000,0.0000
logreg,0,180,0,0.470,1.0000,0.0000
logreg,0,180,0,0.480,1.0000,0.0000
logreg,0,180,0,0.490,1.0000,0.0000
logreg,0,180,0,0.500,0.9839,0.0161
logreg,0,180,0,0.510,0.9677,0.0161
logreg,0,180,0,0.520,0.9516,0.0323
logreg,0,180,0,0.530,0.9194,0.0484
logreg,0,180,0,0.540,0.8871,0.0484
logreg,0,180,0,0.550,0.8226,0.0645
logreg,0,180,0,0.560,0.7258,0.0806
logreg,0,180,0,0.570,0.5968,0.0645
logreg,0,180,0,0.580,0.4032,0.0806
logreg,0,180,0,0.590,0.3226,0.0484
logreg,0,180,0,0.600,0.2097,0.0323
logreg,0,180,0,0.610,0.1774,0.0161
logreg,0,180,0,0.620,0.1452,0.0000
logreg,0,180,0,0.630,0.1129,0.0000
logreg,0,180,0,0.640,0.0968,0.0000
logreg,0,180,0,0.650,0.0806,0.0000
logreg,0,180,0,0.660,0.0806,0.0000
logreg,0,180,0,0.670,0.0645,0.0000
logreg,0,180,0,0.680,0.0645,0.0000
logreg,0,180,0,0.690,0.0484,0.0000
logreg,0,180,0,0.700,0.0484,0.0000
logreg,0,180,0,0.710,0.0484,0.0000
logreg,0,180,0,0.720,0.0323,0.0000
logreg,0,180,0,0.730,0.0323,0.0000
logreg,0,180,0,0.740,0.0323,0.0000
logreg,0,180,0,0.750,0.0161,0.0000
logreg,0,180,0,0.760,0.0161,0.0000
logreg,0,180,0,0.770,0.0161,0.0000
logreg,0,180,0,0.780,0.0161,0.0000
logreg,0,180,0,0.790,0.0161,0.0000
logreg,0,180,0,0.800,0.0161,0.0000
logreg,0,180,0,0.810,0.0161,0.0000
logreg,0,180,0,0.820,0.0161,0.0000
logreg,0,180,0,0.830,0.0161,0.0000
logreg,0,180,0,0.840,0.0161,0.0000
logreg,0,180,0,0.850,0.0161,0.0000
logreg,0,180,0,0.860,0.0161,0.0000
logreg,0,180,0,0.870,0.0161,0.0000
logreg,0,180,0,0.880,0.0161,0.0000
logreg,0,180,0,0.890,0.0161,0.0000
logreg,0,180,0,0.900,0.0000,0.0000
logreg,0,180,0,0.910,0.0000,0.0000
logreg,0,180,0,0.920,0.0000,0.0000
logreg,0,180,0,0.930,0.0000,0.0000
logreg,0,180,0,0.940,0.0000,0.0000
logreg,0,180,0,0.950,0.0000,0.0000
logreg,0,180,0,0.960,0.0000,0.0000
logreg,0,180,0,0.970,0.0000,0.0000
logreg,0,180,0,0.980,0.0000,0.0000
logreg,0,180,0,0.990,0.0000,0.0000
logreg,0,180,0,1.000,0.0000,0.0000
logreg,0,180,30,0.000,1.0000,0.0000
logreg,0,180,30,0.010,1.0000,0.0000
logreg,0,180,30,0.020,1.0000,0.0000
logreg,0,180,30,0.030,1.0000,0.0000
logreg,0,180,30,0.040,1.0000,0.0000
logreg,0,180,30,0.050,1.0000,0.0000
logreg,0,180,30,0.060,1.0000,0.0000
logreg,0,180,30,0.070,1.0000,0.0000
logreg,0,180,30,0.080,1.0000,0.0000
logreg,0,180,30,0.090,1.0000,0.0000
logreg,0,180,30,0.100,1.0000,0.0000
logreg,0,180,30,0.110,1.0000,0.0000
logreg,0,180,30,0.120,1.0000,0.0000
logreg,0,180,30,0.130,1.0000,0.0000
logreg,0,180,30,0.140,1.0000,0.0000
logreg,0,180,30,0.150,1.0000,0.0000
logreg,0,180,30,0.160,1.0000,0.0000
logreg,0,180,30,0.170,1.0000,0.0000
logreg,0,180,30,0.180,1.0000,0.0000
logreg,0,180,30,0.190,1.0000,0.0000
logreg,0,180,30,0.200,1.0000,0.0000
logreg,0,180,30,0.210,1.0000,0.0000
logreg,0,180,30,0.220,1.0000,0.0000
logreg,0,180,30,0.230,1.0000,0.0000
logreg,0,180,30,0.240,1.0000,0.0000
logreg,0,180,30,0.250,1.0000,0.0000
logreg,0,180,30,0.260,1.0000,0.0000
logreg,0,180,30,0.270,1.0000,0.0000
logreg,0,180,30,0.280,1.0000,0.0000
logreg,0,180,30,0.290,1.0000,0.0000
logreg,0,180,30,0.300,1.0000,0.0000
logreg,0,180,30,0.310,1.0000,0.0000
logreg,0,180,30,0.320,1.0000,0.0000
logreg,0,180,30,0.330,1.0000,0.0000
logreg,0,180,30,0.340,1.0000,0.0000
logreg,0,180,30,0.350,1.0000,0.0000
logreg,0,180,30,0.360,1.0000,0.0000
logreg,0,180,30,0.370,1.0000,0.0000
logreg,0,180,30,0.380,1.0000,0.0000
logreg,0,180,30,0.390,1.0000,0.0000
logreg,0,180,30,0.400,1.0000,0.0000
logreg,0,180,30,0.410,1.0000,0.0000
logreg,0,180,30,0.420,1.0000,0.0000
logreg,0,180,30,0.430,1.0000,0.0000
logreg,0,180,30,0.440,1.0000,0.0000
logreg,0,180,30,0.450,1.0000,0.0000
logreg,0,180,30,0.460,1.0000,0.0000
logreg,0,180,30,0.470,1.0000,0.0000
logreg,0,180,30,0.480,1.0000,0.0000
logreg,0,180,30,0.490,1.0000,0.0000
logreg,0,180,30,0.500,0.9839,0.0161
logreg,0,180,30,0.510,0.9677,0.0161
logreg,0,180,30,0.520,0.9516,0.0323
logreg,0,180,30,0.530,0.9194,0.0484
logreg,0,180,30,0.540,0.8871,0.0645
logreg,0,180,30,0.550,0.8226,0.0645
logreg,0,180,30,0.560,0.7258,0.0806
logreg,0,180,30,0.570,0.5968,0.0806
logreg,0,180,30,0.580,0.4032,0.1129
logreg,0,180,30,0.590,0.3226,0.0484
logreg,0,180,30,0.600,0.2097,0.0323
logreg,0,180,30,0.610,0.1774,0.0161
logreg,0,180,30,0.620,0.1452,0.0000
logreg,0,180,30,0.630,0.1129,0.0000
logreg,0,180,30,0.640,0.0968,0.0000
logreg,0,180,30,0.650,0.0806,0.0000
logreg,0,180,30,0.660,0.0806,0.0000
logreg,0,180,30,0.670,0.0645,0.0000
logreg,0,180,30,0.680,0.0645,0.0000
logreg,0,180,30,0.690,0.0484,0.0000
logreg,0,180,30,0.700,0.0484,0.0000
logreg,0,180,30,0.710,0.0484,0.0000
logreg,0,180,30,0.720,0.0323,0.0000
logreg,0,180,30,0.730,0.0323,0.0000
logreg,0,180,30,0.740,0.0323,0.0000
logreg,0,180,30,0.750,0.0161,0.0000
logreg,0,180,30,0.760,0.0161,0.0000
logreg,0,180,30,0.770,0.0161,0.0000
logreg,0,180,30,0.780,0.0161,0.0000
logreg,0,180,30,0.790,0.0161,0.0000
logreg,0,180,30,0.800,0.0161,0.0000
logreg,0,180,30,0.810,0.0161,0.0000
logreg,0,180,30,0.820,0.0161,0.0000
logreg,0,180,30,0.830,0.0161,0.0000
logreg,0,180,30,0.840,0.0161,0.0000
logreg,0,180,30,0.850,0.0161,0.0000
logreg,0,180,30,0.860,0.0161,0.0000
logreg,0,180,30,0.870,0.0161,0.0000
logreg,0,180,30,0.880,0.0161,0.0000
logreg,0,180,30,0.890,0.0161,0.0000
logreg,0,180,30,0.900,0.0000,0.0000
logreg,0,180,30,0.910,0.0000,0.0000
logreg,0,180,30,0.920,0.0000,0.0000
logreg,0,180,30,0.930,0.0000,0.0000
logreg,0,180,30,0.940,0.0000,0.0000
logreg,0,180,30,0.950,0.0000,0.0000
logreg,0,180,30,0.960,0.0000,0.0000
logreg,0,180,30,0.970,0.0000,0.0000
logreg,0,180,30,0.980,0.0000,0.0000
logreg,0,180,30,0.990,0.0000,0.0000
logreg,0,180,30,1.000,0.0000,0.0000
logreg,0,180,60,0.000,1.0000,0.0000
logreg,0,180,60,0.010,1.0000,0.0000
logreg,0,180,60,0.020,1.0000,0.0000
logreg,0,180,60,0.030,1.0000,0.0000
logreg,0,180,60,0.040,1.0000,0.0000
logreg,0,180,60,0.050,1.0000,0.0000
logreg,0,180,60,0.060,1.0000,0.0000
logreg,0,180,60,0.070,1.0000,0.0000
logreg,0,180,60,0.080,1.0000,0.0000
logreg,0,180,60,0.090,1.0000,0.0000
logreg,0,180,60,0.100,1.0000,0.0000
logreg,0,180,60,0.110,1.0000,0.0000
logreg,0,180,60,0.120,1.0000,0.0000
logreg,0,180,60,0.130,1.0000,0.0000
logreg,0,180,60,0.140,1.0000,0.0000
logreg,0,180,60,0.150,1.0000,0.0000
logreg,0,180,60,0.160,1.0000,0.0000
logreg,0,180,60,0.170,1.0000,0.0000
logreg,0,180,60,0.180,1.0000,0.0000
logreg,0,180,60,0.190,1.0000,0.0000
logreg,0,180,60,0.200,1.0000,0.0000
logreg,0,180,60,0.210,1.0000,0.0000
logreg,0,180,60,0.220,1.0000,0.0000
logreg,0,180,60,0.230,1.0000,0.0000
logreg,0,180,60,0.240,1.0000,0.0000
logreg,0,180,60,0.250,1.0000,0.0000
logreg,0,180,60,0.260,1.0000,0.0000
logreg,0,180,60,0.270,1.0000,0.0000
logreg,0,180,60,0.280,1.0000,0.0000
logreg,0,180,60,0.290,1.0000,0.0000
logreg,0,180,60,0.300,1.0000,0.0000
logreg,0,180,60,0.310,1.0000,0.0000
logreg,0,180,60,0.320,1.0000,0.0000
logreg,0,180,60,0.330,1.0000,0.0000
logreg,0,180,60,0.340,1.0000,0.0000
logreg,0,180,60,0.350,1.0000,0.0000
logreg,0,180,60,0.360,1.0000,0.0000
logreg,0,180,60,0.370,1.0000,0.0000
logreg,0,180,60,0.380,1.0000,0.0000
logreg,0,180,60,0.390,1.0000,0.0000
logreg,0,180,60,0.400,1.0000,0.0000
logreg,0,180,60,0.410,1.0000,0.0000
logreg,0,180,60,0.420,1.0000,0.0000
logreg,0,180,60,0.430,1.0000,0.0000
logreg,0,180,60,0.440,1.0000,0.0000
logreg,0,180,60,0.450,1.0000,0.0000
logreg,0,180,60,0.460,1.0000,0.0000
logreg,0,180,60,0.470,1.0000,0.0000
logreg,0,180,60,0.480,1.0000,0.0000
logreg,0,180,60,0.490,1.0000,0.0000
logreg,0,180,60,0.500,0.9839,0.0161
logreg,0,180,60,0.510,0.9677,0.0161
logreg,0,180,60,0.520,0.9516,0.0323
logreg,0,180,60,0.530,0.9194,0.0484
logreg,0,180,60,0.540,0.8871,0.0645
logreg,0,180,60,0.550,0.8226,0.0968
logreg,0,180,60,0.560,0.7258,0.0806
logreg,0,180,60,0.570,0.5968,0.0806
logreg,0,180,60,0.580,0.4032,0.1290
logreg,0,180,60,0.590,0.3226,0.0645
logreg,0,180,60,0.600,0.2097,0.0323
logreg,0,180,60,0.610,0.1774,0.0323
logreg,0,180,60,0.620,0.1452,0.0161
logreg,0,180,60,0.630,0.1129,0.0000
logreg,0,180,60,0.640,0.0968,0.0000
logreg,0,180,60,0.650,0.0806,0.0000
logreg,0,180,60,0.660,0.0806,0.0000
logreg,0,180,60,0.670,0.0645,0.0000
logreg,0,180,60,0.680,0.0645,0.0000
logreg,0,180,60,0.690,0.0484,0.0000
logreg,0,180,60,0.700,0.0484,0.0000
logreg,0,180,60,0.710,0.0484,0.0000
logreg,0,180,60,0.720,0.0323,0.0000
logreg,0,180,60,0.730,0.0323,0.0000
logreg,0,180,60,0.740,0.0323,0.0000
logreg,0,180,60,0.750,0.0161,0.0000
logreg,0,180,60,0.760,0.0161,0.0000
logreg,0,180,60,0.770,0.0161,0.0000
logreg,0,180,60,0.780,0.0161,0.0000
logreg,0,180,60,0.790,0.0161,0.0000
logreg,0,180,60,0.800,0.0161,0.0000
logreg,0,180,60,0.810,0.0161,0.0000
logreg,0,180,60,0.820,0.0161,0.0000
logreg,0,180,60,0.830,0.0161,0.0000
logreg,0,180,60,0.840,0.0161,0.0000
logreg,0,180,60,0.850,0.0161,0.0000
logreg,0,180,60,0.860,0.0161,0.0000
logreg,0,180,60,0.870,0.0161,0.0000
logreg,0,180,60,0.880,0.0161,0.0000
logreg,0,180,60,0.890,0.0161,0.0000
logreg,0,180,60,0.900,0.0000,0.0000
logreg,0,180,60,0.910,0.0000,0.0000
logreg,0,180,60,0.920,0.0000,0.0000
logreg,0,180,60,0.930,0.0000,0.0000
logreg,0,180,60,0.940,0.0000,0.0000
logreg,0,180,60,0.950,0.0000,0.0000
logreg,0,180,60,0.960,0.0000,0.0000
logreg,0,180,60,0.970,0.0000,0.0000
logreg,0,180,60,0.980,0.0000,0.0000
logreg,0,180,60,0.990,0.0000,0.0000
logreg,0,180,60,1.000,0.0000,0.0000
logreg,0,180,120,0.000,1.0000,0.0000
logreg,0,180,120,0.010,1.0000,0.0000
logreg,0,180,120,0.020,1.0000,0.0000
logreg,0,180,120,0.030,1.0000,0.0000
logreg,0,180,120,0.040,1.0000,0.0000
logreg,0,180,120,0.050,1.0000,0.0000
logreg,0,180,120,0.060,1.0000,0.0000
logreg,0,180,120,0.070,1.0000,0.0000
logreg,0,180,120,0.080,1.0000,0.0000
logreg,0,180,120,0.090,1.0000,0.0000
logreg,0,180,120,0.100,1.0000,0.0000
logreg,0,180,120,0.110,1.0000,0.0000
logreg,0,180,120,0.120,1.0000,0.0000
logreg,0,180,120,0.130,1.0000,0.0000
logreg,0,180,120,0.140,1.0000,0.0000
logreg,0,180,120,0.150,1.0000,0.0000
logreg,0,180,120,0.160,1.0000,0.0000
logreg,0,180,120,0.170,1.0000,0.0000
logreg,0,180,120,0.180,1.0000,0.0000
logreg,0,180,120,0.190,1.0000,0.0000
logreg,0,180,120,0.200,1.0000,0.0000
logreg,0,180,120,0.210,1.0000,0.0000
logreg,0,180,120,0.220,1.0000,0.0000
logreg,0,180,120,0.230,1.0000,0.0000
logreg,0,180,120,0.240,1.0000,0.0000
logreg,0,180,120,0.250,1.0000,0.0000
logreg,0,180,120,0.260,1.0000,0.0000
logreg,0,180,120,0.270,1.0000,0.0000
logreg,0,180,120,0.280,1.0000,0.0000
logreg,0,180,120,0.290,1.0000,0.0000
logreg,0,180,120,0.300,1.0000,0.0000
logreg,0,180,120,0.310,1.0000,0.0000
logreg,0,180,120,0.320,1.0000,0.0000
logreg,0,180,120,0.330,1.0000,0.0000
logreg,0,180,120,0.340,1.0000,0.0000
logreg,0,180,120,0.350,1.0000,0.0000
logreg,0,180,120,0.360,1.0000,0.0000
logreg,0,180,120,0.370,1.0000,0.0000
logreg,0,180,120,0.380,1.0000,0.0000
logreg,0,180,120,0.390,1.0000,0.0000
logreg,0,180,120,0.400,1.0000,0.0000
logreg,0,180,120,0.410,1.0000,0.0000
logreg,0,180,120,0.420,1.0000,0.0000
logreg,0,180,120,0.430,1.0000,0.0000
logreg,0,180,120,0.440,1.0000,0.0000
logreg,0,180,120,0.450,1.0000,0.0000
logreg,0,180,120,0.460,1.0000,0.0000
logreg,0,180,120,0.470,1.0000,0.0000
logreg,0,180,120,0.480,1.0000,0.0000
logreg,0,180,120,0.490,1.0000,0.0000
logreg,0,180,120,0.500,0.9839,0.0161
logreg,0,180,120,0.510,0.9677,0.0323
logreg,0,180,120,0.520,0.9516,0.0484
logreg,0,180,120,0.530,0.9194,0.0645
logreg,0,180,120,0.540,0.8871,0.0968
logreg,0,180,120,0.550,0.8226,0.1290
logreg,0,180,120,0.560,0.7258,0.0806
logreg,0,180,120,0.570,0.5968,0.0968
logreg,0,180,120,0.580,0.4032,0.1935
logreg,0,180,120,0.590,0.3226,0.1290
logreg,0,180,120,0.600,0.2097,0.0484
logreg,0,180,120,0.610,0.1774,0.0323
logreg,0,180,120,0.620,0.1452,0.0161
logreg,0,180,120,0.630,0.1129,0.0000
logreg,0,180,120,0.640,0.0968,0.0000
logreg,0,180,120,0.650,0.0806,0.0000
logreg,0,180,120,0.660,0.0806,0.0000
logreg,0,180,120,0.670,0.0645,0.0000
logreg,0,180,120,0.680,0.0645,0.0000
logreg,0,180,120,0.690,0.0484,0.0000
logreg,0,180,120,0.700,0.0484,0.0000
logreg,0,180,120,0.710,0.0484,0.0000
logreg,0,180,120,0.720,0.0323,0.0000
logreg,0,180,120,0.730,0.0323,0.0000
logreg,0,180,120,0.740,0.0323,0.0000
logreg,0,180,120,0.750,0.0161,0.0000
logreg,0,180,120,0.760,0.0161,0.0000
logreg,0,180,120,0.770,0.0161,0.0000
logreg,0,180,120,0.780,0.0161,0.0000
logreg,0,180,120,0.790,0.0161,0.0000
logreg,0,180,120,0.800,0.0161,0.0000
logreg,0,180,120,0.810,0.0161,0.0000
logreg,0,180,120,0.820,0.0161,0.0000
logreg,0,180,120,0.830,0.0161,0.0000
logreg,0,180,120,0.840,0.0161,0.0000
logreg,0,180,120,0.850,0.0161,0.0000
logreg,0,180,120,0.860,0.0161,0.0000
logreg,0,180,120,0.870,0.0161,0.0000
logreg,0,180,120,0.880,0.0161,0.0000
logreg,0,180,120,0.890,0.0161,0.0000
logreg,0,180,120,0.900,0.0000,0.0000
logreg,0,180,120,0.910,0.0000,0.0000
logreg,0,180,120,0.920,0.0000,0.0000
logreg,0,180,120,0.930,0.0000,0.0000
logreg,0,180,120,0.940,0.0000,0.0000
logreg,0,180,120,0.950,0.0000,0.0000
logreg,0,180,120,0.960,0.0000,0.0000
logreg,0,180,120,0.970,0.0000,0.0000
logreg,0,180,120,0.980,0.0000,0.0000
logreg,0,180,120,0.990,0.0000,0.0000
logreg,0,180,120,1.000,0.0000,0.0000
logreg,0,300,0,0.000,1.0000,0.0000
logreg,0,300,0,0.010,1.0000,0.0000
logreg,0,300,0,0.020,1.0000,0.0000
logreg,0,300,0,0.030,1.0000,0.0000
logreg,0,300,0,0.040,1.0000,0.0000
logreg,0,300,0,0.050,1.0000,0.0000
logreg,0,300,0,0.060,1.0000,0.0000
logreg,0,300,0,0.070,1.0000,0.0000
logreg,0,300,0,0.080,1.0000,0.0000
logreg,0,300,0,0.090,1.0000,0.0000
logreg,0,300,0,0.100,1.0000,0.0000
logreg,0,300,0,0.110,1.0000,0.0000
logreg,0,300,0,0.120,1.0000,0.0000
logreg,0,300,0,0.130,1.0000,0.0000
logreg,0,300,0,0.140,1.0000,0.0000
logreg,0,300,0,0.150,1.0000,0.0000
logreg,0,300,0,0.160,1.0000,0.0000
logreg,0,300,0,0.170,1.0000,0.0000
logreg,0,300,0,0.180,1.0000,0.0000
logreg,0,300,0,0.190,1.0000,0.0000
logreg,0,300,0,0.200,1.0000,0.0000
logreg,0,300,0,0.210,1.0000,0.0000
logreg,0,300,0,0.220,1.0000,0.0000
logreg,0,300,0,0.230,1.0000,0.0000
logreg,0,300,0,0.240,1.0000,0.0000
logreg,0,300,0,0.250,1.0000,0.0000
logreg,0,300,0,0.260,1.0000,0.0000
logreg,0,300,0,0.270,1.0000,0.0000
logreg,0,300,0,0.280,1.0000,0.0000
logreg,0,300,0,0.290,1.0000,0.0000
logreg,0,300,0,0.300,1.0000,0.0000
logreg,0,300,0,0.310,1.0000,0.0000
logreg,0,300,0,0.320,1.0000,0.0000
logreg,0,300,0,0.330,1.0000,0.0000
logreg,0,300,0,0.340,1.0000,0.0000
logreg,0,300,0,0.350,1.0000,0.0000
logreg,0,300,0,0.360,1.0000,0.0000
logreg,0,300,0,0.370,1.0000,0.0000
logreg,0,300,0,0.380,1.0000,0.0000
logreg,0,300,0,0.390,1.0000,0.0000
logreg,0,300,0,0.400,1.0000,0.0000
logreg,0,300,0,0.410,1.0000,0.0000
logreg,0,300,0,0.420,1.0000,0.0000
logreg,0,300,0,0.430,0.9839,0.0161
logreg,0,300,0,0.440,0.9839,0.0161
logreg,0,300,0,0.450,0.9839,0.0161
logreg,0,300,0,0.460,0.9839,0.0161
logreg,0,300,0,0.470,0.9839,0.0161
logreg,0,300,0,0.480,0.9677,0.0323
logreg,0,300,0,0.490,0.9355,0.0645
logreg,0,300,0,0.500,0.9032,0.0968
logreg,0,300,0,0.510,0.8871,0.0968
logreg,0,300,0,0.520,0.8710,0.1129
logreg,0,300,0,0.530,0.8387,0.1290
logreg,0,300,0,0.540,0.7419,0.1935
logreg,0,300,0,0.550,0.6935,0.1935
logreg,0,300,0,0.560,0.6452,0.1613
logreg,0,300,0,0.570,0.5000,0.1613
logreg,0,300,0,0.580,0.3710,0.1129
logreg,0,300,0,0.590,0.3065,0.0645
logreg,0,300,0,0.600,0.2097,0.0323
logreg,0,300,0,0.610,0.1774,0.0161
logreg,0,300,0,0.620,0.1452,0.0000
logreg,0,300,0,0.630,0.1129,0.0000
logreg,0,300,0,0.640,0.0968,0.0000
logreg,0,300,0,0.650,0.0806,0.0000
logreg,0,300,0,0.660,0.0806,0.0000
logreg,0,300,0,0.670,0.0645,0.0000
logreg,0,300,0,0.680,0.0645,0.0000
logreg,0,300,0,0.690,0.0484,0.0000
logreg,0,300,0,0.700,0.0484,0.0000
logreg,0,300,0,0.710,0.0484,0.0000
logreg,0,300,0,0.720,0.0323,0.0000
logreg,0,300,0,0.730,0.0323,0.0000
logreg,0,300,0,0.740,0.0323,0.0000
logreg,0,300,0,0.750,0.0161,0.0000
logreg,0,300,0,0.760,0.0161,0.0000
logreg,0,300,0,0.770,0.0161,0.0000
logreg,0,300,0,0.780,0.0161,0.0000
logreg,0,300,0,0.790,0.0161,0.0000
logreg,0,300,0,0.800,0.0161,0.0000
logreg,0,300,0,0.810,0.0161,0.0000
logreg,0,300,0,0.820,0.0161,0.0000
logreg,0,300,0,0.830,0.0161,0.0000
logreg,0,300,0,0.840,0.0161,0.0000
logreg,0,300,0,0.850,0.0161,0.0000
logreg,0,300,0,0.860,0.0161,0.0000
logreg,0,300,0,0.870,0.0161,0.0000
logreg,0,300,0,0.880,0.0161,0.0000
logreg,0,300,0,0.890,0.0161,0.0000
logreg,0,300,0,0.900,0.0000,0.0000
logreg,0,300,0,0.910,0.0000,0.0000
logreg,0,300,0,0.920,0.0000,0.0000
logreg,0,300,0,0.930,0.0000,0.0000
logreg,0,300,0,0.940,0.0000,0.0000
logreg,0,300,0,0.950,0.0000,0.0000
logreg,0,300,0,0.960,0.0000,0.0000
logreg,0,300,0,0.970,0.0000,0.0000
logreg,0,300,0,0.980,0.0000,0.0000
logreg,0,300,0,0.990,0.0000,0.0000
logreg,0,300,0,1.000,0.0000,0.0000
logreg,0,300,30,0.000,1.0000,0.0000
logreg,0,300,30,0.010,1.0000,0.0000
logreg,0,300,30,0.020,1.0000,0.0000
logreg,0,300,30,0.030,1.0000,0.0000
logreg,0,300,30,0.040,1.0000,0.0000
logreg,0,300,30,0.050,1.0000,0.0000
logreg,0,300,30,0.060,1.0000,0.0000
logreg,0,300,30,0.070,1.0000,0.0000
logreg,0,300,30,0.080,1.0000,0.0000
logreg,0,300,30,0.090,1.0000,0.0000
logreg,0,300,30,0.100,1.0000,0.0000
logreg,0,300,30,0.110,1.0000,0.0000
logreg,0,300,30,0.120,1.0000,0.0000
logreg,0,300,30,0.130,1.0000,0.0000
logreg,0,300,30,0.140,1.0000,0.0000
logreg,0,300,30,0.150,1.0000,0.0000
logreg,0,300,30,0.160,1.0000,0.0000
logreg,0,300,30,0.170,1.0000,0.0000
logreg,0,300,30,0.180,1.0000,0.0000
logreg,0,300,30,0.190,1.0000,0.0000
logreg,0,300,30,0.200,1.0000,0.0000
logreg,0,300,30,0.210,1.0000,0.0000
logreg,0,300,30,0.220,1.0000,0.0000
logreg,0,300,30,0.230,1.0000,0.0000
logreg,0,300,30,0.240,1.0000,0.0000
logreg,0,300,30,0.250,1.0000,0.0000
logreg,0,300,30,0.260,1.0000,0.0000
logreg,0,300,30,0.270,1.0000,0.0000
logreg,0,300,30,0.280,1.0000,0.0000
logreg,0,300,30,0.290,1.0000,0.0000
logreg,0,300,30,0.300,1.0000,0.0000
logreg,0,300,30,0.310,1.0000,0.0000
logreg,0,300,30,0.320,1.0000,0.0000
logreg,0,300,30,0.330,1.0000,0.0000
logreg,0,300,30,0.340,1.0000,0.0000
logreg,0,300,30,0.350,1.0000,0.0000
logreg,0,300,30,0.360,1.0000,0.0000
logreg,0,300,30,0.370,1.0000,0.0000
logreg,0,300,30,0.380,1.0000,0.0000
logreg,0,300,30,0.390,1.0000,0.0000
logreg,0,300,30,0.400,1.0000,0.0000
logreg,0,300,30,0.410,1.0000,0.0000
logreg,0,300,30,0.420,1.0000,0.0000
logreg,0,300,30,0.430,0.9839,0.0161
logreg,0,300,30,0.440,0.9839,0.0161
logreg,0,300,30,0.450,0.9839,0.0161
logreg,0,300,30,0.460,0.9839,0.0161
logreg,0,300,30,0.470,0.9839,0.0161
logreg,0,300,30,0.480,0.9677,0.0323
logreg,0,300,30,0.490,0.9355,0.0645
logreg,0,300,30,0.500,0.9032,0.0968
logreg,0,300,30,0.510,0.8871,0.0968
logreg,0,300,30,0.520,0.8710,0.1129
logreg,0,300,30,0.530,0.8387,0.1290
logreg,0,300,30,0.540,0.7419,0.2097
logreg,0,300,30,0.550,0.6935,0.1935
logreg,0,300,30,0.560,0.6452,0.1613
logreg,0,300,30,0.570,0.5000,0.1774
logreg,0,300,30,0.580,0.3710,0.1452
logreg,0,300,30,0.590,0.3065,0.0645
logreg,0,300,30,0.600,0.2097,0.0323
logreg,0,300,30,0.610,0.1774,0.0161
logreg,0,300,30,0.620,0.1452,0.0000
logreg,0,300,30,0.630,0.1129,0.0000
logreg,0,300,30,0.640,0.0968,0.0000
logreg,0,300,30,0.650,0.0806,0.0000
logreg,0,300,30,0.660,0.0806,0.0000
logreg,0,300,30,0.670,0.0645,0.0000
logreg,0,300,30,0.680,0.0645,0.0000
logreg,0,300,30,0.690,0.0484,0.0000
logreg,0,300,30,0.700,0.0484,0.0000
logreg,0,300,30,0.710,0.0484,0.0000
logreg,0,300,30,0.720,0.0323,0.0000
logreg,0,300,30,0.730,0.0323,0.0000
logreg,0,300,30,0.740,0.0323,0.0000
logreg,0,300,30,0.750,0.0161,0.0000
logreg,0,300,30,0.760,0.0161,0.0000
logreg,0,300,30,0.770,0.0161,0.0000
logreg,0,300,30,0.780,0.0161,0.0000
logreg,0,300,30,0.790,0.0161,0.0000
logreg,0,300,30,0.800,0.0161,0.0000
logreg,0,300,30,0.810,0.0161,0.0000
logreg,0,300,30,0.820,0.0161,0.0000
logreg,0,300,30,0.830,0.0161,0.0000
logreg,0,300,30,0.840,0.0161,0.0000
logreg,0,300,30,0.850,0.0161,0.0000
logreg,0,300,30,0.860,0.0161,0.0000
logreg,0,300,30,0.870,0.0161,0.0000
logreg,0,300,30,0.880,0.0161,0.0000
logreg,0,300,30,0.890,0.0161,0.0000
logreg,0,300,30,0.900,0.0000,0.0000
logreg,0,300,30,0.910,0.0000,0.0000
logreg,0,300,30,0.920,0.0000,0.0000
logreg,0,300,30,0.930,0.0000,0.0000
logreg,0,300,30,0.940,0.0000,0.0000
logreg,0,300,30,0.950,0.0000,0.0000
logreg,0,300,30,0.960,0.0000,0.0000
logreg,0,300,30,0.970,0.0000,0.0000
logreg,0,300,30,0.980,0.0000,0.0000
logreg,0,300,30,0.990,0.0000,0.0000
logreg,0,300,30,1.000,0.0000,0.0000
logreg,0,300,60,0.000,1.0000,0.0000
logreg,0,300,60,0.010,1.0000,0.0000
logreg,0,300,60,0.020,1.0000,0.0000
logreg,0,300,60,0.030,1.0000,0.0000
logreg,0,300,60,0.040,1.0000,0.0000
logreg,0,300,60,0.050,1.0000,0.0000
logreg,0,300,60,0.060,1.0000,0.0000
logreg,0,300,60,0.070,1.0000,0.0000
logreg,0,300,60,0.080,1.0000,0.0000
logreg,0,300,60,0.090,1.0000,0.0000
logreg,0,300,60,0.100,1.0000,0.0000
logreg,0,300,60,0.110,1.0000,0.0000
logreg,0,300,60,0.120,1.0000,0.0000
logreg,0,300,60,0.130,1.0000,0.0000
logreg,0,300,60,0.140,1.0000,0.0000
logreg,0,300,60,0.150,1.0000,0.0000
logreg,0,300,60,0.160,1.0000,0.0000
logreg,0,300,60,0.170,1.0000,0.0000
logreg,0,300,60,0.180,1.0000,0.0000
logreg,0,300,60,0.190,1.0000,0.0000
logreg,0,300,60,0.200,1.0000,0.0000
logreg,0,300,60,0.210,1.0000,0.0000
logreg,0,300,60,0.220,1.0000,0.0000
logreg,0,300,60,0.230,1.0000,0.0000
logreg,0,300,60,0.240,1.0000,0.0000
logreg,0,300,60,0.250,1.0000,0.0000
logreg,0,300,60,0.260,1.0000,0.0000
logreg,0,300,60,0.270,1.0000,0.0000
logreg,0,300,60,0.280,1.0000,0.0000
logreg,0,300,60,0.290,1.0000,0.0000
logreg,0,300,60,0.300,1.0000,0.0000
logreg,0,300,60,0.310,1.0000,0.0000
logreg,0,300,60,0.320,1.0000,0.0000
logreg,0,300,60,0.330,1.0000,0.0000
logreg,0,300,60,0.340,1.0000,0.0000
logreg,0,300,60,0.350,1.0000,0.0000
logreg,0,300,60,0.360,1.0000,0.0000
logreg,0,300,60,0.370,1.0000,0.0000
logreg,0,300,60,0.380,1.0000,0.0000
logreg,0,300,60,0.390,1.0000,0.0000
logreg,0,300,60,0.400,1.0000,0.0000
logreg,0,300,60,0.410,1.0000,0.0000
logreg,0,300,60,0.420,1.0000,0.0000
logreg,0,300,60,0.430,0.9839,0.0161
logreg,0,300,60,0.440,0.9839,0.0161
logreg,0,300,60,0.450,0.9839,0.0161
logreg,0,300,60,0.460,0.9839,0.0161
logreg,0,300,60,0.470,0.9839,0.0161
logreg,0,300,60,0.480,0.9677,0.0323
logreg,0,300,60,0.490,0.9355,0.0645
logreg,0,300,60,0.500,0.9032,0.0968
logreg,0,300,60,0.510,0.8871,0.0968
logreg,0,300,60,0.520,0.8710,0.1129
logreg,0,300,60,0.530,0.8387,0.1290
logreg,0,300,60,0.540,0.7419,0.2097
logreg,0,300,60,0.550,0.6935,0.2258
logreg,0,300,60,0.560,0.6452,0.1613
logreg,0,300,60,0.570,0.5000,0.1774
logreg,0,300,60,0.580,0.3710,0.1613
logreg,0,300,60,0.590,0.3065,0.0806
logreg,0,300,60,0.600,0.2097,0.0323
logreg,0,300,60,0.610,0.1774,0.0323
logreg,0,300,60,0.620,0.1452,0.0161
logreg,0,300,60,0.630,0.1129,0.0000
logreg,0,300,60,0.640,0.0968,0.0000
logreg,0,300,60,0.650,0.0806,0.0000
logreg,0,300,60,0.660,0.0806,0.0000
logreg,0,300,60,0.670,0.0645,0.0000
logreg,0,300,60,0.680,0.0645,0.0000
logreg,0,300,60,0.690,0.0484,0.0000
logreg,0,300,60,0.700,0.0484,0.0000
logreg,0,300,60,0.710,0.0484,0.0000
logreg,0,300,60,0.720,0.0323,0.0000
logreg,0,300,60,0.730,0.0323,0.0000
logreg,0,300,60,0.740,0.0323,0.0000
logreg,0,300,60,0.750,0.0161,0.0000
logreg,0,300,60,0.760,0.0161,0.0000
logreg,0,300,60,0.770,0.0161,0.0000
logreg,0,300,60,0.780,0.0161,0.0000
logreg,0,300,60,0.790,0.0161,0.0000
logreg,0,300,60,0.800,0.0161,0.0000
logreg,0,300,60,0.810,0.0161,0.0000
logreg,0,300,60,0.820,0.0161,0.0000
logreg,0,300,60,0.830,0.0161,0.0000
logreg,0,300,60,0.840,0.0161,0.0000
logreg,0,300,60,0.850,0.0161,0.0000
logreg,0,300,60,0.860,0.0161,0.0000
logreg,0,300,60,0.870,0.0161,0.0000
logreg,0,300,60,0.880,0.0161,0.0000
logreg,0,300,60,0.890,0.0161,0.0000
logreg,0,300,60,0.900,0.0000,0.0000
logreg,0,300,60,0.910,0.0000,0.0000
logreg,0,300,60,0.920,0.0000,0.0000
logreg,0,300,60,0.930,0.0000,0.0000
logreg,0,300,60,0.940,0.0000,0.0000
logreg,0,300,60,0.950,0.0000,0.0000
logreg,0,300,60,0.960,0.0000,0.0000
logreg,0,300,60,0.970,0.0000,0.0000
logreg,0,300,60,0.980,0.0000,0.0000
logreg,0,300,60,0.990,0.0000,0.0000
logreg,0,300,60,1.000,0.0000,0.0000
logreg,0,300,120,0.000,1.0000,0.0000
logreg,0,300,120,0.010,1.0000,0.0000
logreg,0,300,120,0.020,1.0000,0.0000
logreg,0,300,120,0.030,1.0000,0.0000
logreg,0,300,120,0.040,1.0000,0.0000
logreg,0,300,120,0.050,1.0000,0.0000
logreg,0,300,120,0.060,1.0000,0.0000
logreg,0,300,120,0.070,1.0000,0.0000
logreg,0,300,120,0.080,1.0000,0.0000
logreg,0,300,120,0.090,1.0000,0.0000
logreg,0,300,120,0.100,1.0000,0.0000
logreg,0,300,120,0.110,1.0000,0.0000
logreg,0,300,120,0.120,1.0000,0.0000
logreg,0,300,120,0.130,1.0000,0.0000
logreg,0,300,120,0.140,1.0000,0.0000
logreg,0,300,120,0.150,1.0000,0.0000
logreg,0,300,120,0.160,1.0000,0.0000
logreg,0,300,120,0.170,1.0000,0.0000
logreg,0,300,120,0.180,1.0000,0.0000
logreg,0,300,120,0.190,1.0000,0.0000
logreg,0,300,120,0.200,1.0000,0.0000
logreg,0,300,120,0.210,1.0000,0.0000
logreg,0,300,120,0.220,1.0000,0.0000
logreg,0,300,120,0.230,1.0000,0.0000
logreg,0,300,120,0.240,1.0000,0.0000
logreg,0,300,120,0.250,1.0000,0.0000
logreg,0,300,120,0.260,1.0000,0.0000
logreg,0,300,120,0.270,1.0000,0.0000
logreg,0,300,120,0.280,1.0000,0.0000
logreg,0,300,120,0.290,1.0000,0.0000
logreg,0,300,120,0.300,1.0000,0.0000
logreg,0,300,120,0.310,1.0000,0.0000
logreg,0,300,120,0.320,1.0000,0.0000
logreg,0,300,120,0.330,1.0000,0.0000
logreg,0,300,120,0.340,1.0000,0.0000
logreg,0,300,120,0.350,1.0000,0.0000
logreg,0,300,120,0.360,1.0000,0.0000
logreg,0,300,120,0.370,1.0000,0.0000
logreg,0,300,120,0.380,1.0000,0.0000
logreg,0,300,120,0.390,1.0000,0.0000
logreg,0,300,120,0.400,1.0000,0.0000
logreg,0,300,120,0.410,1.0000,0.0000
logreg,0,300,120,0.420,1.0000,0.0000
logreg,0,300,120,0.430,0.9839,0.0161
logreg,0,300,120,0.440,0.9839,0.0161
logreg,0,300,120,0.450,0.9839,0.0161
logreg,0,300,120,0.460,0.9839,0.0161
logreg,0,300,120,0.470,0.9839,0.0161
logreg,0,300,120,0.480,0.9677,0.0323
logreg,0,300,120,0.490,0.9355,0.0645
logreg,0,300,120,0.500,0.9032,0.0968
logreg,0,300,120,0.510,0.8871,0.1129
logreg,0,300,120,0.520,0.8710,0.1290
logreg,0,300,120,0.530,0.8387,0.1452
logreg,0,300,120,0.540,0.7419,0.2419
logreg,0,300,120,0.550,0.6935,0.2581
logreg,0,300,120,0.560,0.6452,0.1613
logreg,0,300,120,0.570,0.5000,0.1935
logreg,0,300,120,0.580,0.3710,0.2258
logreg,0,300,120,0.590,0.3065,0.1452
logreg,0,300,120,0.600,0.2097,0.0484
logreg,0,300,120,0.610,0.1774,0.0323
logreg,0,300,120,0.620,0.1452,0.0161
logreg,0,300,120,0.630,0.1129,0.0000
logreg,0,300,120,0.640,0.0968,0.0000
logreg,0,300,120,0.650,0.0806,0.0000
logreg,0,300,120,0.660,0.0806,0.0000
logreg,0,300,120,0.670,0.0645,0.0000
logreg,0,300,120,0.680,0.0645,0.0000
logreg,0,300,120,0.690,0.0484,0.0000
logreg,0,300,120,0.700,0.0484,0.0000
logreg,0,300,120,0.710,0.0484,0.0000
logreg,0,300,120,0.720,0.0323,0.0000
logreg,0,300,120,0.730,0.0323,0.0000
logreg,0,300,120,0.740,0.0323,0.0000
logreg,0,300,120,0.750,0.0161,0.0000
logreg,0,300,120,0.760,0.0161,0.0000
logreg,0,300,120,0.770,0.0161,0.0000
logreg,0,300,120,0.780,0.0161,0.0000
logreg,0,300,120,0.790,0.0161,0.0000
logreg,0,300,120,0.800,0.0161,0.0000
logreg,0,300,120,0.810,0.0161,0.0000
logreg,0,300,120,0.820,0.0161,0.0000
logreg,0,300,120,0.830,0.0161,0.0000
logreg,0,300,120,0.840,0.0161,0.0000
logreg,0,300,120,0.850,0.0161,0.0000
logreg,0,300,120,0.860,0.0161,0.0000
logreg,0,300,120,0.870,0.0161,0.0000
logreg,0,300,120,0.880,0.0161,0.0000
logreg,0,300,120,0.890,0.0161,0.0000
logreg,0,300,120,0.900,0.0000,0.0000
logreg,0,300,120,0.910,0.0000,0.0000
logreg,0,300,120,0.920,0.0000,0.0000
logreg,0,300,120,0.930,0.0000,0.0000
logreg,0,300,120,0.940,0.0000,0.0000
logreg,0,300,120,0.950,0.0000,0.0000
logreg,0,300,120,0.960,0.0000,0.0000
logreg,0,300,120,0.970,0.0000,0.0000
logreg,0,300,120,0.980,0.0000,0.0000
logreg,0,300,120,0.990,0.0000,0.0000
logreg,0,300,120,1.000,0.0000,0.0000
logreg,0,420,0,0.000,0.9032,0.0968
logreg,0,420,0,0.010,0.9032,0.0968
logreg,0,420,0,0.020,0.9032,0.0968
logreg,0,420,0,0.030,0.9032,0.0968
logreg,0,420,0,0.040,0.9032,0.0968
logreg,0,420,0,0.050,0.9032,0.0968
logreg,0,420,0,0.060,0.9032,0.0968
logreg,0,420,0,0.070,0.9032,0.0968
logreg,0,420,0,0.080,0.9032,0.0968
logreg,0,420,0,0.090,0.9032,0.0968
logreg,0,420,0,0.100,0.9032,0.0968
logreg,0,420,0,0.110,0.9032,0.0968
logreg,0,420,0,0.120,0.9032,0.0968
logreg,0,420,0,0.130,0.9032,0.0968
logreg,0,420,0,0.140,0.9032,0.0968
logreg,0,420,0,0.150,0.9032,0.0968
logreg,0,420,0,0.160,0.9032,0.0968
logreg,0,420,0,0.170,0.9032,0.0968
logreg,0,420,0,0.180,0.9032,0.0968
logreg,0,420,0,0.190,0.9032,0.0968
logreg,0,420,0,0.200,0.9032,0.0968
logreg,0,420,0,0.210,0.9032,0.0968
logreg,0,420,0,0.220,0.9032,0.0968
logreg,0,420,0,0.230,0.9032,0.0968
logreg,0,420,0,0.240,0.9032,0.0968
logreg,0,420,0,0.250,0.9032,0.0968
logreg,0,420,0,0.260,0.9032,0.0968
logreg,0,420,0,0.270,0.9032,0.0968
logreg,0,420,0,0.280,0.9032,0.0968
logreg,0,420,0,0.290,0.9032,0.0968
logreg,0,420,0,0.300,0.9032,0.0968
logreg,0,420,0,0.310,0.9032,0.0968
logreg,0,420,0,0.320,0.9032,0.0968
logreg,0,420,0,0.330,0.9032,0.0968
logreg,0,420,0,0.340,0.9032,0.0968
logreg,0,420,0,0.350,0.9032,0.0968
logreg,0,420,0,0.360,0.9032,0.0968
logreg,0,420,0,0.370,0.9032,0.0968
logreg,0,420,0,0.380,0.9032,0.0968
logreg,0,420,0,0.390,0.9032,0.0968
logreg,0,420,0,0.400,0.9032,0.0968
logreg,0,420,0,0.410,0.9032,0.0968
logreg,0,420,0,0.420,0.8871,0.1129
logreg,0,420,0,0.430,0.8871,0.1129
logreg,0,420,0,0.440,0.8871,0.1129
logreg,0,420,0,0.450,0.8710,0.1290
logreg,0,420,0,0.460,0.8710,0.1290
logreg,0,420,0,0.470,0.8710,0.1290
logreg,0,420,0,0.480,0.8710,0.1290
logreg,0,420,0,0.490,0.8710,0.1290
logreg,0,420,0,0.500,0.8548,0.1452
logreg,0,420,0,0.510,0.8226,0.1613
logreg,0,420,0,0.520,0.8065,0.1774
logreg,0,420,0,0.530,0.7903,0.1774
logreg,0,420,0,0.540,0.7097,0.2258
logreg,0,420,0,0.550,0.6290,0.2581
logreg,0,420,0,0.560,0.5484,0.2581
logreg,0,420,0,0.570,0.4677,0.1935
logreg,0,420,0,0.580,0.3387,0.1452
logreg,0,420,0,0.590,0.2903,0.0806
logreg,0,420,0,0.600,0.1935,0.0484
logreg,0,420,0,0.610,0.1613,0.0323
logreg,0,420,0,0.620,0.1452,0.0000
logreg,0,420,0,0.630,0.1129,0.0000
logreg,0,420,0,0.640,0.0968,0.0000
logreg,0,420,0,0.650,0.0806,0.0000
logreg,0,420,0,0.660,0.0806,0.0000
logreg,0,420,0,0.670,0.0645,0.0000
logreg,0,420,0,0.680,0.0645,0.0000
logreg,0,420,0,0.690,0.0484,0.0000
logreg,0,420,0,0.700,0.0484,0.0000
logreg,0,420,0,0.710,0.0484,0.0000
logreg,0,420,0,0.720,0.0323,0.0000
logreg,0,420,0,0.730,0.0323,0.0000
logreg,0,420,0,0.740,0.0323,0.0000
logreg,0,420,0,0.750,0.0161,0.0000
logreg,0,420,0,0.760,0.0161,0.0000
logreg,0,420,0,0.770,0.0161,0.0000
logreg,0,420,0,0.780,0.0161,0.0000
logreg,0,420,0,0.790,0.0161,0.0000
logreg,0,420,0,0.800,0.0161,0.0000
logreg,0,420,0,0.810,0.0161,0.0000
logreg,0,420,0,0.820,0.0161,0.0000
logreg,0,420,0,0.830,0.0161,0.0000
logreg,0,420,0,0.840,0.0161,0.0000
logreg,0,420,0,0.850,0.0161,0.0000
logreg,0,420,0,0.860,0.0161,0.0000
logreg,0,420,0,0.870,0.0161,0.0000
logreg,0,420,0,0.880,0.0161,0.0000
logreg,0,420,0,0.890,0.0161,0.0000
logreg,0,420,0,0.900,0.0000,0.0000
logreg,0,420,0,0.910,0.0000,0.0000
logreg,0,420,0,0.920,0.0000,0.0000
logreg,0,420,0,0.930,0.0000,0.0000
logreg,0,420,0,0.940,0.0000,0.0000
logreg,0,420,0,0.950,0.0000,0.0000
logreg,0,420,0,0.960,0.0000,0.0000
logreg,0,420,0,0.970,0.0000,0.0000
logreg,0,420,0,0.980,0.0000,0.0000
logreg,0,420,0,0.990,0.0000,0.0000
logreg,0,420,0,1.000,0.0000,0.0000
logreg,0,420,30,0.000,0.9032,0.0968
logreg,0,420,30,0.010,0.9032,0.0968
logreg,0,420,30,0.020,0.9032,0.0968
logreg,0,420,30,0.030,0.9032,0.0968
logreg,0,420,30,0.040,0.9032,0.0968
logreg,0,420,30,0.050,0.9032,0.0968
logreg,0,420,30,0.060,0.9032,0.0968
logreg,0,420,30,0.070,0.9032,0.0968
logreg,0,420,30,0.080,0.9032,0.0968
logreg,0,420,30,0.090,0.9032,0.0968
logreg,0,420,30,0.100,0.9032,0.0968
logreg,0,420,30,0.110,0.9032,0.0968
logreg,0,420,30,0.120,0.9032,0.0968
logreg,0,420,30,0.130,0.9032,0.0968
logreg,0,420,30,0.140,0.9032,0.0968
logreg,0,420,30,0.150,0.9032,0.0968
logreg,0,420,30,0.160,0.9032,0.0968
logreg,0,420,30,0.170,0.9032,0.0968
logreg,0,420,30,0.180,0.9032,0.0968
logreg,0,420,30,0.190,0.9032,0.0968
logreg,0,420,30,0.200,0.9032,0.0968
logreg,0,420,30,0.210,0.9032,0.0968
logreg,0,420,30,0.220,0.9032,0.0968
logreg,0,420,30,0.230,0.9032,0.0968
logreg,0,420,30,0.240,0.9032,0.0968
logreg,0,420,30,0.250,0.9032,0.0968
logreg,0,420,30,0.260,0.9032,0.0968
logreg,0,420,30,0.270,0.9032,0.0968
logreg,0,420,30,0.280,0.9032,0.0968
logreg,0,420,30,0.290,0.9032,0.0968
logreg,0,420,30,0.300,0.9032,0.0968
logreg,0,420,30,0.310,0.9032,0.0968
logreg,0,420,30,0.320,0.9032,0.0968
logreg,0,420,30,0.330,0.9032,0.0968
logreg,0,420,30,0.340,0.9032,0.0968
logreg,0,420,30,0.350,0.9032,0.0968
logreg,0,420,30,0.360,0.9032,0.0968
logreg,0,420,30,0.370,0.9032,0.0968
logreg,0,420,30,0.380,0.9032,0.0968
logreg,0,420,30,0.390,0.9032,0.0968
logreg,0,420,30,0.400,0.9032,0.0968
logreg,0,420,30,0.410,0.9032,0.0968
logreg,0,420,30,0.420,0.8871,0.1129
logreg,0,420,30,0.430,0.8871,0.1129
logreg,0,420,30,0.440,0.8871,0.1129
logreg,0,420,30,0.450,0.8710,0.1290
logreg,0,420,30,0.460,0.8710,0.1290
logreg,0,420,30,0.470,0.8710,0.1290
logreg,0,420,30,0.480,0.8710,0.1290
logreg,0,420,30,0.490,0.8710,0.1290
logreg,0,420,30,0.500,0.8548,0.1452
logreg,0,420,30,0.510,0.8226,0.1613
logreg,0,420,30,0.520,0.8065,0.1774
logreg,0,420,30,0.530,0.7903,0.1774
logreg,0,420,30,0.540,0.7097,0.2419
logreg,0,420,30,0.550,0.6290,0.2581
logreg,0,420,30,0.560,0.5484,0.2581
logreg,0,420,30,0.570,0.4677,0.2097
logreg,0,420,30,0.580,0.3387,0.1774
logreg,0,420,30,0.590,0.2903,0.0806
logreg,0,420,30,0.600,0.1935,0.0484
logreg,0,420,30,0.610,0.1613,0.0323
logreg,0,420,30,0.620,0.1452,0.0000
logreg,0,420,30,0.630,0.1129,0.0000
logreg,0,420,30,0.640,0.0968,0.0000
logreg,0,420,30,0.650,0.0806,0.0000
logreg,0,420,30,0.660,0.0806,0.0000
logreg,0,420,30,0.670,0.0645,0.0000
logreg,0,420,30,0.680,0.0645,0.0000
logreg,0,420,30,0.690,0.0484,0.0000
logreg,0,420,30,0.700,0.0484,0.0000
logreg,0,420,30,0.710,0.0484,0.0000
logreg,0,420,30,0.720,0.0323,0.0000
logreg,0,420,30,0.730,0.0323,0.0000
logreg,0,420,30,0.740,0.0323,0.0000
logreg,0,420,30,0.750,0.0161,0.0000
logreg,0,420,30,0.760,0.0161,0.0000
logreg,0,420,30,0.770,0.0161,0.0000
logreg,0,420,30,0.780,0.0161,0.0000
logreg,0,420,30,0.790,0.0161,0.0000
logreg,0,420,30,0.800,0.0161,0.0000
logreg,0,420,30,0.810,0.0161,0.0000
logreg,0,420,30,0.820,0.0161,0.0000
logreg,0,420,30,0.830,0.0161,0.0000
logreg,0,420,30,0.840,0.0161,0.0000
logreg,0,420,30,0.850,0.0161,0.0000
logreg,0,420,30,0.860,0.0161,0.0000
logreg,0,420,30,0.870,0.0161,0.0000
logreg,0,420,30,0.880,0.0161,0.0000
logreg,0,420,30,0.890,0.0161,0.0000
logreg,0,420,30,0.900,0.0000,0.0000
logreg,0,420,30,0.910,0.0000,0.0000
logreg,0,420,30,0.920,0.0000,0.0000
logreg,0,420,30,0.930,0.0000,0.0000
logreg,0,420,30,0.940,0.0000,0.0000
logreg,0,420,30,0.950,0.0000,0.0000
logreg,0,420,30,0.960,0.0000,0.0000
logreg,0,420,30,0.970,0.0000,0.0000
logreg,0,420,30,0.980,0.0000,0.0000
logreg,0,420,30,0.990,0.0000,0.0000
logreg,0,420,30,1.000,0.0000,0.0000
logreg,0,420,60,0.000,0.9032,0.0968
logreg,0,420,60,0.010,0.9032,0.0968
logreg,0,420,60,0.020,0.9032,0.0968
logreg,0,420,60,0.030,0.9032,0.0968
logreg,0,420,60,0.040,0.9032,0.0968
logreg,0,420,60,0.050,0.9032,0.0968
logreg,0,420,60,0.060,0.9032,0.0968
logreg,0,420,60,0.070,0.9032,0.0968
logreg,0,420,60,0.080,0.9032,0.0968
logreg,0,420,60,0.090,0.9032,0.0968
logreg,0,420,60,0.100,0.9032,0.0968
logreg,0,420,60,0.110,0.9032,0.0968
logreg,0,420,60,0.120,0.9032,0.0968
logreg,0,420,60,0.130,0.9032,0.0968
logreg,0,420,60,0.140,0.9032,0.0968
logreg,0,420,60,0.150,0.9032,0.0968
logreg,0,420,60,0.160,0.9032,0.0968
logreg,0,420,60,0.170,0.9032,0.0968
logreg,0,420,60,0.180,0.9032,0.0968
logreg,0,420,60,0.190,0.9032,0.0968
logreg,0,420,60,0.200,0.9032,0.0968
logreg,0,420,60,0.210,0.9032,0.0968
logreg,0,420,60,0.220,0.9032,0.0968
logreg,0,420,60,0.230,0.9032,0.0968
logreg,0,420,60,0.240,0.9032,0.0968
logreg,0,420,60,0.250,0.9032,0.0968
logreg,0,420,60,0.260,0.9032,0.0968
logreg,0,420,60,0.270,0.9032,0.0968
logreg,0,420,60,0.280,0.9032,0.0968
logreg,0,420,60,0.290,0.9032,0.0968
logreg,0,420,60,0.300,0.9032,0.0968
logreg,0,420,60,0.310,0.9032,0.0968
logreg,0,420,60,0.320,0.9032,0.0968
logreg,0,420,60,0.330,0.9032,0.0968
logreg,0,420,60,0.340,0.9032,0.0968
logreg,0,420,60,0.350,0.9032,0.0968
logreg,0,420,60,0.360,0.9032,0.0968
logreg,0,420,60,0.370,0.9032,0.0968
logreg,0,420,60,0.380,0.9032,0.0968
logreg,0,420,60,0.390,0.9032,0.0968
logreg,0,420,60,0.400,0.9032,0.0968
logreg,0,420,60,0.410,0.9032,0.0968
logreg,0,420,60,0.420,0.8871,0.1129
logreg,0,420,60,0.430,0.8871,0.1129
logreg,0,420,60,0.440,0.8871,0.1129
logreg,0,420,60,0.450,0.8710,0.1290
logreg,0,420,60,0.460,0.8710,0.1290
logreg,0,420,60,0.470,0.8710,0.1290
logreg,0,420,60,0.480,0.8710,0.1290
logreg,0,420,60,0.490,0.8710,0.1290
logreg,0,420,60,0.500,0.8548,0.1452
logreg,0,420,60,0.510,0.8226,0.1613
logreg,0,420,60,0.520,0.8065,0.1774
logreg,0,420,60,0.530,0.7903,0.1774
logreg,0,420,60,0.540,0.7097,0.2419
logreg,0,420,60,0.550,0.6290,0.2903
logreg,0,420,60,0.560,0.5484,0.2581
logreg,0,420,60,0.570,0.4677,0.2097
logreg,0,420,60,0.580,0.3387,0.1935
logreg,0,420,60,0.590,0.2903,0.0968
logreg,0,420,60,0.600,0.1935,0.0484
logreg,0,420,60,0.610,0.1613,0.0484
logreg,0,420,60,0.620,0.1452,0.0161
logreg,0,420,60,0.630,0.1129,0.0000
logreg,0,420,60,0.640,0.0968,0.0000
logreg,0,420,60,0.650,0.0806,0.0000
logreg,0,420,60,0.660,0.0806,0.0000
logreg,0,420,60,0.670,0.0645,0.0000
logreg,0,420,60,0.680,0.0645,0.0000
logreg,0,420,60,0.690,0.0484,0.0000
logreg,0,420,60,0.700,0.0484,0.0000
logreg,0,420,60,0.710,0.0484,0.0000
logreg,0,420,60,0.720,0.0323,0.0000
logreg,0,420,60,0.730,0.0323,0.0000
logreg,0,420,60,0.740,0.0323,0.0000
logreg,0,420,60,0.750,0.0161,0.0000
logreg,0,420,60,0.760,0.0161,0.0000
logreg,0,420,60,0.770,0.0161,0.0000
logreg,0,420,60,0.780,0.0161,0.0000
logreg,0,420,60,0.790,0.0161,0.0000
logreg,0,420,60,0.800,0.0161,0.0000
logreg,0,420,60,0.810,0.0161,0.0000
logreg,0,420,60,0.820,0.0161,0.0000
logreg,0,420,60,0.830,0.0161,0.0000
logreg,0,420,60,0.840,0.0161,0.0000
logreg,0,420,60,0.850,0.0161,0.0000
logreg,0,420,60,0.860,0.0161,0.0000
logreg,0,420,60,0.870,0.0161,0.0000
logreg,0,420,60,0.880,0.0161,0.0000
logreg,0,420,60,0.890,0.0161,0.0000
logreg,0,420,60,0.900,0.0000,0.0000
logreg,0,420,60,0.910,0.0000,0.0000
logreg,0,420,60,0.920,0.0000,0.0000
logreg,0,420,60,0.930,0.0000,0.0000
logreg,0,420,60,0.940,0.0000,0.0000
logreg,0,420,60,0.950,0.0000,0.0000
logreg,0,420,60,0.960,0.0000,0.0000
logreg,0,420,60,0.970,0.0000,0.0000
logreg,0,420,60,0.980,0.0000,0.0000
logreg,0,420,60,0.990,0.0000,0.0000
logreg,0,420,60,1.000,0.0000,0.0000
logreg,0,420,120,0.000,0.9032,0.0968
logreg,0,420,120,0.010,0.9032,0.0968
logreg,0,420,120,0.020,0.9032,0.0968
logreg,0,420,120,0.030,0.9032,0.0968
logreg,0,420,120,0.040,0.9032,0.0968
logreg,0,420,120,0.050,0.9032,0.0968
logreg,0,420,120,0.060,0.9032,0.0968
logreg,0,420,120,0.070,0.9032,0.0968
logreg,0,420,120,0.080,0.9032,0.0968
logreg,0,420,120,0.090,0.9032,0.0968
logreg,0,420,120,0.100,0.9032,0.0968
logreg,0,420,120,0.110,0.9032,0.0968
logreg,0,420,120,0.120,0.9032,0.0968
logreg,0,420,120,0.130,0.9032,0.0968
logreg,0,420,120,0.140,0.9032,0.0968
logreg,0,420,120,0.150,0.9032,0.0968
logreg,0,420,120,0.160,0.9032,0.0968
logreg,0,420,120,0.170,0.9032,0.0968
logreg,0,420,120,0.180,0.9032,0.0968
logreg,0,420,120,0.190,0.9032,0.0968
logreg,0,420,120,0.200,0.9032,0.0968
logreg,0,420,120,0.210,0.9032,0.0968
logreg,0,420,120,0.220,0.9032,0.0968
logreg,0,420,120,0.230,0.9032,0.0968
logreg,0,420,120,0.240,0.9032,0.0968
logreg,0,420,120,0.250,0.9032,0.0968
logreg,0,420,120,0.260,0.9032,0.0968
logreg,0,420,120,0.270,0.9032,0.0968
logreg,0,420,120,0.280,0.9032,0.0968
logreg,0,420,120,0.290,0.9032,0.0968
logreg,0,420,120,0.300,0.9032,0.0968
logreg,0,420,120,0.310,0.9032,0.0968
logreg,0,420,120,0.320,0.9032,0.0968
logreg,0,420,120,0.330,0.9032,0.0968
logreg,0,420,120,0.340,0.9032,0.0968
logreg,0,420,120,0.350,0.9032,0.0968
logreg,0,420,120,0.360,0.9032,0.0968
logreg,0,420,120,0.370,0.9032,0.0968
logreg,0,420,120,0.380,0.9032,0.0968
logreg,0,420,120,0.390,0.9032,0.0968
logreg,0,420,120,0.400,0.9032,0.0968
logreg,0,420,120,0.410,0.9032,0.0968
logreg,0,420,120,0.420,0.8871,0.1129
logreg,0,420,120,0.430,0.8871,0.1129
logreg,0,420,120,0.440,0.8871,0.1129
logreg,0,420,120,0.450,0.8710,0.1290
logreg,0,420,120,0.460,0.8710,0.1290
logreg,0,420,120,0.470,0.8710,0.1290
logreg,0,420,120,0.480,0.8710,0.1290
logreg,0,420,120,0.490,0.8710,0.1290
logreg,0,420,120,0.500,0.8548,0.1452
logreg,0,420,120,0.510,0.8226,0.1774
logreg,0,420,120,0.520,0.8065,0.1935
logreg,0,420,120,0.530,0.7903,0.1935
logreg,0,420,120,0.540,0.7097,0.2742
logreg,0,420,120,0.550,0.6290,0.3226
logreg,0,420,120,0.560,0.5484,0.2581
logreg,0,420,120,0.570,0.4677,0.2258
logreg,0,420,120,0.580,0.3387,0.2581
logreg,0,420,120,0.590,0.2903,0.1613
logreg,0,420,120,0.600,0.1935,0.0645
logreg,0,420,120,0.610,0.1613,0.0484
logreg,0,420,120,0.620,0.1452,0.0161
logreg,0,420,120,0.630,0.1129,0.0000
logreg,0,420,120,0.640,0.0968,0.0000
logreg,0,420,120,0.650,0.0806,0.0000
logreg,0,420,120,0.660,0.0806,0.0000
logreg,0,420,120,0.670,0.0645,0.0000
logreg,0,420,120,0.680,0.0645,0.0000
logreg,0,420,120,0.690,0.0484,0.0000
logreg,0,420,120,0.700,0.0484,0.0000
logreg,0,420,120,0.710,0.0484,0.0000
logreg,0,420,120,0.720,0.0323,0.0000
logreg,0,420,120,0.730,0.0323,0.0000
logreg,0,420,120,0.740,0.0323,0.0000
logreg,0,420,120,0.750,0.0161,0.0000
logreg,0,420,120,0.760,0.0161,0.0000
logreg,0,420,120,0.770,0.0161,0.0000
logreg,0,420,120,0.780,0.0161,0.0000
logreg,0,420,120,0.790,0.0161,0.0000
logreg,0,420,120,0.800,0.0161,0.0000
logreg,0,420,120,0.810,0.0161,0.0000
logreg,0,420,120,0.820,0.0161,0.0000
logreg,0,420,120,0.830,0.0161,0.0000
logreg,0,420,120,0.840,0.0161,0.0000
logreg,0,420,120,0.850,0.0161,0.0000
logreg,0,420,120,0.860,0.0161,0.0000
logreg,0,420,120,0.870,0.0161,0.0000
logreg,0,420,120,0.880,0.0161,0.0000
logreg,0,420,120,0.890,0.0161,0.0000
logreg,0,420,120,0.900,0.0000,0.0000
logreg,0,420,120,0.910,0.0000,0.0000
logreg,0,420,120,0.920,0.0000,0.0000
logreg,0,420,120,0.930,0.0000,0.0000
logreg,0,420,120,0.940,0.0000,0.0000
logreg,0,420,120,0.950,0.0000,0.0000
logreg,0,420,120,0.960,0.0000,0.0000
logreg,0,420,120,0.970,0.0000,0.0000
logreg,0,420,120,0.980,0.0000,0.0000
logreg,0,420,120,0.990,0.0000,0.0000
logreg,0,420,120,1.000,0.0000,0.0000
logreg,30,180,0,0.000,1.0000,0.0000
logreg,30,180,0,0.010,1.0000,0.0000
logreg,30,180,0,0.020,1.0000,0.0000
logreg,30,180,0,0.030,1.0000,0.0000
logreg,30,180,0,0.040,1.0000,0.0000
logreg,30,180,0,0.050,1.0000,0.0000
logreg,30,180,0,0.060,1.0000,0.0000
logreg,30,180,0,0.070,1.0000,0.0000
logreg,30,180,0,0.080,1.0000,0.0000
logreg,30,180,0,0.090,1.0000,0.0000
logreg,30,180,0,0.100,1.0000,0.0000
logreg,30,180,0,0.110,1.0000,0.0000
logreg,30,180,0,0.120,1.0000,0.0000
logreg,30,180,0,0.130,1.0000,0.0000
logreg,30,180,0,0.140,1.0000,0.0000
logreg,30,180,0,0.150,1.0000,0.0000
logreg,30,180,0,0.160,1.0000,0.0000
logreg,30,180,0,0.170,1.0000,0.0000
logreg,30,180,0,0.180,1.0000,0.0000
logreg,30,180,0,0.190,1.0000,0.0000
logreg,30,180,0,0.200,1.0000,0.0000
logreg,30,180,0,0.210,1.0000,0.0000
logreg,30,180,0,0.220,1.0000,0.0000
logreg,30,180,0,0.230,1.0000,0.0000
logreg,30,180,0,0.240,1.0000,0.0000
logreg,30,180,0,0.250,1.0000,0.0000
logreg,30,180,0,0.260,1.0000,0.0000
logreg,30,180,0,0.270,1.0000,0.0000
logreg,30,180,0,0.280,1.0000,0.0000
logreg,30,180,0,0.290,1.0000,0.0000
logreg,30,180,0,0.300,1.0000,0.0000
logreg,30,180,0,0.310,1.0000,0.0000
logreg,30,180,0,0.320,1.0000,0.0000
logreg,30,180,0,0.330,1.0000,0.0000
logreg,30,180,0,0.340,1.0000,0.0000
logreg,30,180,0,0.350,1.0000,0.0000
logreg,30,180,0,0.360,1.0000,0.0000
logreg,30,180,0,0.370,1.0000,0.0000
logreg,30,180,0,0.380,1.0000,0.0000
logreg,30,180,0,0.390,1.0000,0.0000
logreg,30,180,0,0.400,1.0000,0.0000
logreg,30,180,0,0.410,1.0000,0.0000
logreg,30,180,0,0.420,1.0000,0.0000
logreg,30,180,0,0.430,1.0000,0.0000
logreg,30,180,0,0.440,1.0000,0.0000
logreg,30,180,0,0.450,1.0000,0.0000
logreg,30,180,0,0.460,0.9839,0.0161
logreg,30,180,0,0.470,0.9839,0.0161
logreg,30,180,0,0.480,0.9516,0.0484
logreg,30,180,0,0.490,0.9516,0.0484
logreg,30,180,0,0.500,0.9194,0.0645
logreg,30,180,0,0.510,0.9194,0.0645
logreg,30,180,0,0.520,0.8871,0.0968
logreg,30,180,0,0.530,0.8065,0.0484
logreg,30,180,0,0.540,0.7097,0.0968
logreg,30,180,0,0.550,0.6129,0.1290
logreg,30,180,0,0.560,0.5323,0.0484
logreg,30,180,0,0.570,0.3387,0.0806
logreg,30,180,0,0.580,0.2742,0.0968
logreg,30,180,0,0.590,0.1129,0.0645
logreg,30,180,0,0.600,0.0645,0.0161
logreg,30,180,0,0.610,0.0323,0.0000
logreg,30,180,0,0.620,0.0323,0.0000
logreg,30,180,0,0.630,0.0323,0.0000
logreg,30,180,0,0.640,0.0161,0.0000
logreg,30,180,0,0.650,0.0161,0.0000
logreg,30,180,0,0.660,0.0161,0.0000
logreg,30,180,0,0.670,0.0161,0.0000
logreg,30,180,0,0.680,0.0161,0.0000
logreg,30,180,0,0.690,0.0161,0.0000
logreg,30,180,0,0.700,0.0161,0.0000
logreg,30,180,0,0.710,0.0161,0.0000
logreg,30,180,0,0.720,0.0161,0.0000
logreg,30,180,0,0.730,0.0161,0.0000
logreg,30,180,0,0.740,0.0161,0.0000
logreg,30,180,0,0.750,0.0161,0.0000
logreg,30,180,0,0.760,0.0161,0.0000
logreg,30,180,0,0.770,0.0161,0.0000
logreg,30,180,0,0.780,0.0161,0.0000
logreg,30,180,0,0.790,0.0161,0.0000
logreg,30,180,0,0.800,0.0161,0.0000
logreg,30,180,0,0.810,0.0161,0.0000
logreg,30,180,0,0.820,0.0161,0.0000
logreg,30,180,0,0.830,0.0161,0.0000
logreg,30,180,0,0.840,0.0000,0.0000
logreg,30,180,0,0.850,0.0000,0.0000
logreg,30,180,0,0.860,0.0000,0.0000
logreg,30,180,0,0.870,0.0000,0.0000
logreg,30,180,0,0.880,0.0000,0.0000
logreg,30,180,0,0.890,0.0000,0.0000
logreg,30,180,0,0.900,0.0000,0.0000
logreg,30,180,0,0.910,0.0000,0.0000
logreg,30,180,0,0.920,0.0000,0.0000
logreg,30,180,0,0.930,0.0000,0.0000
logreg,30,180,0,0.940,0.0000,0.0000
logreg,30,180,0,0.950,0.0000,0.0000
logreg,30,180,0,0.960,0.0000,0.0000
logreg,30,180,0,0.970,0.0000,0.0000
logreg,30,180,0,0.980,0.0000,0.0000
logreg,30,180,0,0.990,0.0000,0.0000
logreg,30,180,0,1.000,0.0000,0.0000
logreg,30,180,30,0.000,1.0000,0.0000
logreg,30,180,30,0.010,1.0000,0.0000
logreg,30,180,30,0.020,1.0000,0.0000
logreg,30,180,30,0.030,1.0000,0.0000
logreg,30,180,30,0.040,1.0000,0.0000
logreg,30,180,30,0.050,1.0000,0.0000
logreg,30,180,30,0.060,1.0000,0.0000
logreg,30,180,30,0.070,1.0000,0.0000
logreg,30,180,30,0.080,1.0000,0.0000
logreg,30,180,30,0.090,1.0000,0.0000
logreg,30,180,30,0.100,1.0000,0.0000
logreg,30,180,30,0.110,1.0000,0.0000
logreg,30,180,30,0.120,1.0000,0.0000
logreg,30,180,30,0.130,1.0000,0.0000
logreg,30,180,30,0.140,1.0000,0.0000
logreg,30,180,30,0.150,1.0000,0.0000
logreg,30,180,30,0.160,1.0000,0.0000
logreg,30,180,30,0.170,1.0000,0.0000
logreg,30,180,30,0.180,1.0000,0.0000
logreg,30,180,30,0.190,1.0000,0.0000
logreg,30,180,30,0.200,1.0000,0.0000
logreg,30,180,30,0.210,1.0000,0.0000
logreg,30,180,30,0.220,1.0000,0.0000
logreg,30,180,30,0.230,1.0000,0.0000
logreg,30,180,30,0.240,1.0000,0.0000
logreg,30,180,30,0.250,1.0000,0.0000
logreg,30,180,30,0.260,1.0000,0.0000
logreg,30,180,30,0.270,1.0000,0.0000
logreg,30,180,30,0.280,1.0000,0.0000
logreg,30,180,30,0.290,1.0000,0.0000
logreg,30,180,30,0.300,1.0000,0.0000
logreg,30,180,30,0.310,1.0000,0.0000
logreg,30,180,30,0.320,1.0000,0.0000
logreg,30,180,30,0.330,1.0000,0.0000
logreg,30,180,30,0.340,1.0000,0.0000
logreg,30,180,30,0.350,1.0000,0.0000
logreg,30,180,30,0.360,1.0000,0.0000
logreg,30,180,30,0.370,1.0000,0.0000
logreg,30,180,30,0.380,1.0000,0.0000
logreg,30,180,30,0.390,1.0000,0.0000
logreg,30,180,30,0.400,1.0000,0.0000
logreg,30,180,30,0.410,1.0000,0.0000
logreg,30,180,30,0.420,1.0000,0.0000
logreg,30,180,30,0.430,1.0000,0.0000
logreg,30,180,30,0.440,1.0000,0.0000
logreg,30,180,30,0.450,1.0000,0.0000
logreg,30,180,30,0.460,0.9839,0.0161
logreg,30,180,30,0.470,0.9839,0.0161
logreg,30,180,30,0.480,0.9516,0.0484
logreg,30,180,30,0.490,0.9516,0.0484
logreg,30,180,30,0.500,0.9194,0.0645
logreg,30,180,30,0.510,0.9194,0.0645
logreg,30,180,30,0.520,0.8871,0.0968
logreg,30,180,30,0.530,0.8065,0.0806
logreg,30,180,30,0.540,0.7097,0.0968
logreg,30,180,30,0.550,0.6129,0.1290
logreg,30,180,30,0.560,0.5323,0.0645
logreg,30,180,30,0.570,0.3387,0.0806
logreg,30,180,30,0.580,0.2742,0.0968
logreg,30,180,30,0.590,0.1129,0.0806
logreg,30,180,30,0.600,0.0645,0.0161
logreg,30,180,30,0.610,0.0323,0.0000
logreg,30,180,30,0.620,0.0323,0.0000
logreg,30,180,30,0.630,0.0323,0.0000
logreg,30,180,30,0.640,0.0161,0.0000
logreg,30,180,30,0.650,0.0161,0.0000
logreg,30,180,30,0.660,0.0161,0.0000
logreg,30,180,30,0.670,0.0161,0.0000
logreg,30,180,30,0.680,0.0161,0.0000
logreg,30,180,30,0.690,0.0161,0.0000
logreg,30,180,30,0.700,0.0161,0.0000
logreg,30,180,30,0.710,0.0161,0.0000
logreg,30,180,30,0.720,0.0161,0.0000
logreg,30,180,30,0.730,0.0161,0.0000
logreg,30,180,30,0.740,0.0161,0.0000
logreg,30,180,30,0.750,0.0161,0.0000
logreg,30,180,30,0.760,0.0161,0.0000
logreg,30,180,30,0.770,0.0161,0.0000
logreg,30,180,30,0.780,0.0161,0.0000
logreg,30,180,30,0.790,0.0161,0.0000
logreg,30,180,30,0.800,0.0161,0.0000
logreg,30,180,30,0.810,0.0161,0.0000
logreg,30,180,30,0.820,0.0161,0.0000
logreg,30,180,30,0.830,0.0161,0.0000
logreg,30,180,30,0.840,0.0000,0.0000
logreg,30,180,30,0.850,0.0000,0.0000
logreg,30,180,30,0.860,0.0000,0.0000
logreg,30,180,30,0.870,0.0000,0.0000
logreg,30,180,30,0.880,0.0000,0.0000
logreg,30,180,30,0.890,0.0000,0.0000
logreg,30,180,30,0.900,0.0000,0.0000
logreg,30,180,30,0.910,0.0000,0.0000
logreg,30,180,30,0.920,0.0000,0.0000
logreg,30,180,30,0.930,0.0000,0.0000
logreg,30,180,30,0.940,0.0000,0.0000
logreg,30,180,30,0.950,0.0000,0.0000
logreg,30,180,30,0.960,0.0000,0.0000
logreg,30,180,30,0.970,0.0000,0.0000
logreg,30,180,30,0.980,0.0000,0.0000
logreg,30,180,30,0.990,0.0000,0.0000
logreg,30,180,30,1.000,0.0000,0.0000
logreg,30,180,60,0.000,1.0000,0.0000
logreg,30,180,60,0.010,1.0000,0.0000
logreg,30,180,60,0.020,1.0000,0.0000
logreg,30,180,60,0.030,1.0000,0.0000
logreg,30,180,60,0.040,1.0000,0.0000
logreg,30,180,60,0.050,1.0000,0.0000
logreg,30,180,60,0.060,1.0000,0.0000
logreg,30,180,60,0.070,1.0000,0.0000
logreg,30,180,60,0.080,1.0000,0.0000
logreg,30,180,60,0.090,1.0000,0.0000
logreg,30,180,60,0.100,1.0000,0.0000
logreg,30,180,60,0.110,1.0000,0.0000
logreg,30,180,60,0.120,1.0000,0.0000
logreg,30,180,60,0.130,1.0000,0.0000
logreg,30,180,60,0.140,1.0000,0.0000
logreg,30,180,60,0.150,1.0000,0.0000
logreg,30,180,60,0.160,1.0000,0.0000
logreg,30,180,60,0.170,1.0000,0.0000
logreg,30,180,60,0.180,1.0000,0.0000
logreg,30,180,60,0.190,1.0000,0.0000
logreg,30,180,60,0.200,1.0000,0.0000
logreg,30,180,60,0.210,1.0000,0.0000
logreg,30,180,60,0.220,1.0000,0.0000
logreg,30,180,60,0.230,1.0000,0.0000
logreg,30,180,60,0.240,1.0000,0.0000
logreg,30,180,60,0.250,1.0000,0.0000
logreg,30,180,60,0.260,1.0000,0.0000
logreg,30,180,60,0.270,1.0000,0.0000
logreg,30,180,60,0.280,1.0000,0.0000
logreg,30,180,60,0.290,1.0000,0.0000
logreg,30,180,60,0.300,1.0000,0.0000
logreg,30,180,60,0.310,1.0000,0.0000
logreg,30,180,60,0.320,1.0000,0.0000
logreg,30,180,60,0.330,1.0000,0.0000
logreg,30,180,60,0.340,1.0000,0.0000
logreg,30,180,60,0.350,1.0000,0.0000
logreg,30,180,60,0.360,1.0000,0.0000
logreg,30,180,60,0.370,1.0000,0.0000
logreg,30,180,60,0.380,1.0000,0.0000
logreg,30,180,60,0.390,1.0000,0.0000
logreg,30,180,60,0.400,1.0000,0.0000
logreg,30,180,60,0.410,1.0000,0.0000
logreg,30,180,60,0.420,1.0000,0.0000
logreg,30,180,60,0.430,1.0000,0.0000
logreg,30,180,60,0.440,1.0000,0.0000
logreg,30,180,60,0.450,1.0000,0.0000
logreg,30,180,60,0.460,0.9839,0.0161
logreg,30,180,60,0.470,0.9839,0.0161
logreg,30,180,60,0.480,0.9516,0.0484
logreg,30,180,60,0.490,0.9516,0.0484
logreg,30,180,60,0.500,0.9194,0.0645
logreg,30,180,60,0.510,0.9194,0.0645
logreg,30,180,60,0.520,0.8871,0.0968
logreg,30,180,60,0.530,0.8065,0.0806
logreg,30,180,60,0.540,0.7097,0.1290
logreg,30,180,60,0.550,0.6129,0.1613
logreg,30,180,60,0.560,0.5323,0.0968
logreg,30,180,60,0.570,0.3387,0.1290
logreg,30,180,60,0.580,0.2742,0.0968
logreg,30,180,60,0.590,0.1129,0.0806
logreg,30,180,60,0.600,0.0645,0.0323
logreg,30,180,60,0.610,0.0323,0.0000
logreg,30,180,60,0.620,0.0323,0.0000
logreg,30,180,60,0.630,0.0323,0.0000
logreg,30,180,60,0.640,0.0161,0.0000
logreg,30,180,60,0.650,0.0161,0.0000
logreg,30,180,60,0.660,0.0161,0.0000
logreg,30,180,60,0.670,0.0161,0.0000
logreg,30,180,60,0.680,0.0161,0.0000
logreg,30,180,60,0.690,0.0161,0.0000
logreg,30,180,60,0.700,0.0161,0.0000
logreg,30,180,60,0.710,0.0161,0.0000
logreg,30,180,60,0.720,0.0161,0.0000
logreg,30,180,60,0.730,0.0161,0.0000
logreg,30,180,60,0.740,0.0161,0.0000
logreg,30,180,60,0.750,0.0161,0.0000
logreg,30,180,60,0.760,0.0161,0.0000
logreg,30,180,60,0.770,0.0161,0.0000
logreg,30,180,60,0.780,0.0161,0.0000
logreg,30,180,60,0.790,0.0161,0.0000
logreg,30,180,60,0.800,0.0161,0.0000
logreg,30,180,60,0.810,0.0161,0.0000
logreg,30,180,60,0.820,0.0161,0.0000
logreg,30,180,60,0.830,0.0161,0.0000
logreg,30,180,60,0.840,0.0000,0.0000
logreg,30,180,60,0.850,0.0000,0.0000
logreg,30,180,60,0.860,0.0000,0.0000
logreg,30,180,60,0.870,0.0000,0.0000
logreg,30,180,60,0.880,0.0000,0.0000
logreg,30,180,60,0.890,0.0000,0.0000
logreg,30,180,60,0.900,0.0000,0.0000
logreg,30,180,60,0.910,0.0000,0.0000
logreg,30,180,60,0.920,0.0000,0.0000
logreg,30,180,60,0.930,0.0000,0.0000
logreg,30,180,60,0.940,0.0000,0.0000
logreg,30,180,60,0.950,0.0000,0.0000
logreg,30,180,60,0.960,0.0000,0.0000
logreg,30,180,60,0.970,0.0000,0.0000
logreg,30,180,60,0.980,0.0000,0.0000
logreg,30,180,60,0.990,0.0000,0.0000
logreg,30,180,60,1.000,0.0000,0.0000
logreg,30,180,120,0.000,1.0000,0.0000
logreg,30,180,120,0.010,1.0000,0.0000
logreg,30,180,120,0.020,1.0000,0.0000
logreg,30,180,120,0.030,1.0000,0.0000
logreg,30,180,120,0.040,1.0000,0.0000
logreg,30,180,120,0.050,1.0000,0.0000
logreg,30,180,120,0.060,1.0000,0.0000
logreg,30,180,120,0.070,1.0000,0.0000
logreg,30,180,120,0.080,1.0000,0.0000
logreg,30,180,120,0.090,1.0000,0.0000
logreg,30,180,120,0.100,1.0000,0.0000
logreg,30,180,120,0.110,1.0000,0.0000
logreg,30,180,120,0.120,1.0000,0.0000
logreg,30,180,120,0.130,1.0000,0.0000
logreg,30,180,120,0.140,1.0000,0.0000
logreg,30,180,120,0.150,1.0000,0.0000
logreg,30,180,120,0.160,1.0000,0.0000
logreg,30,180,120,0.170,1.0000,0.0000
logreg,30,180,120,0.180,1.0000,0.0000
logreg,30,180,120,0.190,1.0000,0.0000
logreg,30,180,120,0.200,1.0000,0.0000
logreg,30,180,120,0.210,1.0000,0.0000
logreg,30,180,120,0.220,1.0000,0.0000
logreg,30,180,120,0.230,1.0000,0.0000
logreg,30,180,120,0.240,1.0000,0.0000
logreg,30,180,120,0.250,1.0000,0.0000
logreg,30,180,120,0.260,1.0000,0.0000
logreg,30,180,120,0.270,1.0000,0.0000
logreg,30,180,120,0.280,1.0000,0.0000
logreg,30,180,120,0.290,1.0000,0.0000
logreg,30,180,120,0.300,1.0000,0.0000
logreg,30,180,120,0.310,1.0000,0.0000
logreg,30,180,120,0.320,1.0000,0.0000
logreg,30,180,120,0.330,1.0000,0.0000
logreg,30,180,120,0.340,1.0000,0.0000
logreg,30,180,120,0.350,1.0000,0.0000
logreg,30,180,120,0.360,1.0000,0.0000
logreg,30,180,120,0.370,1.0000,0.0000
logreg,30,180,120,0.380,1.0000,0.0000
logreg,30,180,120,0.390,1.0000,0.0000
logreg,30,180,120,0.400,1.0000,0.0000
logreg,30,180,120,0.410,1.0000,0.0000
logreg,30,180,120,0.420,1.0000,0.0000
logreg,30,180,120,0.430,1.0000,0.0000
logreg,30,180,120,0.440,1.0000,0.0000
logreg,30,180,120,0.450,1.0000,0.0000
logreg,30,180,120,0.460,0.9839,0.0161
logreg,30,180,120,0.470,0.9839,0.0161
logreg,30,180,120,0.480,0.9516,0.0484
logreg,30,180,120,0.490,0.9516,0.0484
logreg,30,180,120,0.500,0.9194,0.0806
logreg,30,180,120,0.510,0.9194,0.0806
logreg,30,180,120,0.520,0.8871,0.0968
logreg,30,180,120,0.530,0.8065,0.1129
logreg,30,180,120,0.540,0.7097,0.1452
logreg,30,180,120,0.550,0.6129,0.1613
logreg,30,180,120,0.560,0.5323,0.1129
logreg,30,180,120,0.570,0.3387,0.1774
logreg,30,180,120,0.580,0.2742,0.1452
logreg,30,180,120,0.590,0.1129,0.0968
logreg,30,180,120,0.600,0.0645,0.0323
logreg,30,180,120,0.610,0.0323,0.0000
logreg,30,180,120,0.620,0.0323,0.0000
logreg,30,180,120,0.630,0.0323,0.0000
logreg,30,180,120,0.640,0.0161,0.0000
logreg,30,180,120,0.650,0.0161,0.0000
logreg,30,180,120,0.660,0.0161,0.0000
logreg,30,180,120,0.670,0.0161,0.0000
logreg,30,180,120,0.680,0.0161,0.0000
logreg,30,180,120,0.690,0.0161,0.0000
logreg,30,180,120,0.700,0.0161,0.0000
logreg,30,180,120,0.710,0.0161,0.0000
logreg,30,180,120,0.720,0.0161,0.0000
logreg,30,180,120,0.730,0.0161,0.0000
logreg,30,180,120,0.740,0.0161,0.0000
logreg,30,180,120,0.750,0.0161,0.0000
logreg,30,180,120,0.760,0.0161,0.0000
logreg,30,180,120,0.770,0.0161,0.0000
logreg,30,180,120,0.780,0.0161,0.0000
logreg,30,180,120,0.790,0.0161,0.0000
logreg,30,180,120,0.800,0.0161,0.0000
logreg,30,180,120,0.810,0.0161,0.0000
logreg,30,180,120,0.820,0.0161,0.0000
logreg,30,180,120,0.830,0.0161,0.0000
logreg,30,180,120,0.840,0.0000,0.0000
logreg,30,180,120,0.850,0.0000,0.0000
logreg,30,180,120,0.860,0.0000,0.0000
logreg,30,180,120,0.870,0.0000,0.0000
logreg,30,180,120,0.880,0.0000,0.0000
logreg,30,180,120,0.890,0.0000,0.0000
logreg,30,180,120,0.900,0.0000,0.0000
logreg,30,180,120,0.910,0.0000,0.0000
logreg,30,180,120,0.920,0.0000,0.0000
logreg,30,180,120,0.930,0.0000,0.0000
logreg,30,180,120,0.940,0.0000,0.0000
logreg,30,180,120,0.950,0.0000,0.0000
logreg,30,180,120,0.960,0.0000,0.0000
logreg,30,180,120,0.970,0.0000,0.0000
logreg,30,180,120,0.980,0.0000,0.0000
logreg,30,180,120,0.990,0.0000,0.0000
logreg,30,180,120,1.000,0.0000,0.0000
logreg,30,300,0,0.000,0.9677,0.0323
logreg,30,300,0,0.010,0.9677,0.0323
logreg,30,300,0,0.020,0.9677,0.0323
logreg,30,300,0,0.030,0.9677,0.0323
logreg,30,300,0,0.040,0.9677,0.0323
logreg,30,300,0,0.050,0.9677,0.0323
logreg,30,300,0,0.060,0.9677,0.0323
logreg,30,300,0,0.070,0.9677,0.0323
logreg,30,300,0,0.080,0.9677,0.0323
logreg,30,300,0,0.090,0.9677,0.0323
logreg,30,300,0,0.100,0.9677,0.0323
logreg,30,300,0,0.110,0.9677,0.0323
logreg,30,300,0,0.120,0.9677,0.0323
logreg,30,300,0,0.130,0.9677,0.0323
logreg,30,300,0,0.140,0.9677,0.0323
logreg,30,300,0,0.150,0.9677,0.0323
logreg,30,300,0,0.160,0.9677,0.0323
logreg,30,300,0,0.170,0.9677,0.0323
logreg,30,300,0,0.180,0.9677,0.0323
logreg,30,300,0,0.190,0.9677,0.0323
logreg,30,300,0,0.200,0.9677,0.0323
logreg,30,300,0,0.210,0.9677,0.0323
logreg,30,300,0,0.220,0.9677,0.0323
logreg,30,300,0,0.230,0.9677,0.0323
logreg,30,300,0,0.240,0.9677,0.0323
logreg,30,300,0,0.250,0.9677,0.0323
logreg,30,300,0,0.260,0.9677,0.0323
logreg,30,300,0,0.270,0.9677,0.0323
logreg,30,300,0,0.280,0.9677,0.0323
logreg,30,300,0,0.290,0.9677,0.0323
logreg,30,300,0,0.300,0.9677,0.0323
logreg,30,300,0,0.310,0.9677,0.0323
logreg,30,300,0,0.320,0.9677,0.0323
logreg,30,300,0,0.330,0.9677,0.0323
logreg,30,300,0,0.340,0.9677,0.0323
logreg,30,300,0,0.350,0.9677,0.0323
logreg,30,300,0,0.360,0.9677,0.0323
logreg,30,300,0,0.370,0.9677,0.0323
logreg,30,300,0,0.380,0.9677,0.0323
logreg,30,300,0,0.390,0.9677,0.0323
logreg,30,300,0,0.400,0.9677,0.0323
logreg,30,300,0,0.410,0.9516,0.0484
logreg,30,300,0,0.420,0.9516,0.0484
logreg,30,300,0,0.430,0.9355,0.0645
logreg,30,300,0,0.440,0.9355,0.0645
logreg,30,300,0,0.450,0.9194,0.0806
logreg,30,300,0,0.460,0.9032,0.0968
logreg,30,300,0,0.470,0.8710,0.1290
logreg,30,300,0,0.480,0.8710,0.1290
logreg,30,300,0,0.490,0.8710,0.1290
logreg,30,300,0,0.500,0.8548,0.1290
logreg,30,300,0,0.510,0.8226,0.1613
logreg,30,300,0,0.520,0.7581,0.2258
logreg,30,300,0,0.530,0.7097,0.1452
logreg,30,300,0,0.540,0.5645,0.2419
logreg,30,300,0,0.550,0.5000,0.2419
logreg,30,300,0,0.560,0.3710,0.2097
logreg,30,300,0,0.570,0.2742,0.1452
logreg,30,300,0,0.580,0.2258,0.1452
logreg,30,300,0,0.590,0.1129,0.0645
logreg,30,300,0,0.600,0.0645,0.0161
logreg,30,300,0,0.610,0.0323,0.0000
logreg,30,300,0,0.620,0.0323,0.0000
logreg,30,300,0,0.630,0.0323,0.0000
logreg,30,300,0,0.640,0.0161,0.0000
logreg,30,300,0,0.650,0.0161,0.0000
logreg,30,300,0,0.660,0.0161,0.0000
logreg,30,300,0,0.670,0.0161,0.0000
logreg,30,300,0,0.680,0.0161,0.0000
logreg,30,300,0,0.690,0.0161,0.0000
logreg,30,300,0,0.700,0.0161,0.0000
logreg,30,300,0,0.710,0.0161,0.0000
logreg,30,300,0,0.720,0.0161,0.0000
logreg,30,300,0,0.730,0.0161,0.0000
logreg,30,300,0,0.740,0.0161,0.0000
logreg,30,300,0,0.750,0.0161,0.0000
logreg,30,300,0,0.760,0.0161,0.0000
logreg,30,300,0,0.770,0.0161,0.0000
logreg,30,300,0,0.780,0.0161,0.0000
logreg,30,300,0,0.790,0.0161,0.0000
logreg,30,300,0,0.800,0.0161,0.0000
logreg,30,300,0,0.810,0.0161,0.0000
logreg,30,300,0,0.820,0.0161,0.0000
logreg,30,300,0,0.830,0.0161,0.0000
logreg,30,300,0,0.840,0.0000,0.0000
logreg,30,300,0,0.850,0.0000,0.0000
logreg,30,300,0,0.860,0.0000,0.0000
logreg,30,300,0,0.870,0.0000,0.0000
logreg,30,300,0,0.880,0.0000,0.0000
logreg,30,300,0,0.890,0.0000,0.0000
logreg,30,300,0,0.900,0.0000,0.0000
logreg,30,300,0,0.910,0.0000,0.0000
logreg,30,300,0,0.920,0.0000,0.0000
logreg,30,300,0,0.930,0.0000,0.0000
logreg,30,300,0,0.940,0.0000,0.0000
logreg,30,300,0,0.950,0.0000,0.0000
logreg,30,300,0,0.960,0.0000,0.0000
logreg,30,300,0,0.970,0.0000,0.0000
logreg,30,300,0,0.980,0.0000,0.0000
logreg,30,300,0,0.990,0.0000,0.0000
logreg,30,300,0,1.000,0.0000,0.0000
logreg,30,300,30,0.000,0.9677,0.0323
logreg,30,300,30,0.010,0.9677,0.0323
logreg,30,300,30,0.020,0.9677,0.0323
logreg,30,300,30,0.030,0.9677,0.0323
logreg,30,300,30,0.040,0.9677,0.0323
logreg,30,300,30,0.050,0.9677,0.0323
logreg,30,300,30,0.060,0.9677,0.0323
logreg,30,300,30,0.070,0.9677,0.0323
logreg,30,300,30,0.080,0.9677,0.0323
logreg,30,300,30,0.090,0.9677,0.0323
logreg,30,300,30,0.100,0.9677,0.0323
logreg,30,300,30,0.110,0.9677,0.0323
logreg,30,300,30,0.120,0.9677,0.0323
logreg,30,300,30,0.130,0.9677,0.0323
logreg,30,300,30,0.140,0.9677,0.0323
logreg,30,300,30,0.150,0.9677,0.0323
logreg,30,300,30,0.160,0.9677,0.0323
logreg,30,300,30,0.170,0.9677,0.0323
logreg,30,300,30,0.180,0.9677,0.0323
logreg,30,300,30,0.190,0.9677,0.0323
logreg,30,300,30,0.200,0.9677,0.0323
logreg,30,300,30,0.210,0.9677,0.0323
logreg,30,300,30,0.220,0.9677,0.0323
logreg,30,300,30,0.230,0.9677,0.0323
logreg,30,300,30,0.240,0.9677,0.0323
logreg,30,300,30,0.250,0.9677,0.0323
logreg,30,300,30,0.260,0.9677,0.0323
logreg,30,300,30,0.270,0.9677,0.0323
logreg,30,300,30,0.280,0.9677,0.0323
logreg,30,300,30,0.290,0.9677,0.0323
logreg,30,300,30,0.300,0.9677,0.0323
logreg,30,300,30,0.310,0.9677,0.0323
logreg,30,300,30,0.320,0.9677,0.0323
logreg,30,300,30,0.330,0.9677,0.0323
logreg,30,300,30,0.340,0.9677,0.0323
logreg,30,300,30,0.350,0.9677,0.0323
logreg,30,300,30,0.360,0.9677,0.0323
logreg,30,300,30,0.370,0.9677,0.0323
logreg,30,300,30,0.380,0.9677,0.0323
logreg,30,300,30,0.390,0.9677,0.0323
logreg,30,300,30,0.400,0.9677,0.0323
logreg,30,300,30,0.410,0.9516,0.0484
logreg,30,300,30,0.420,0.9516,0.0484
logreg,30,300,30,0.430,0.9355,0.0645
logreg,30,300,30,0.440,0.9355,0.0645
logreg,30,300,30,0.450,0.9194,0.0806
logreg,30,300,30,0.460,0.9032,0.0968
logreg,30,300,30,0.470,0.8710,0.1290
logreg,30,300,30,0.480,0.8710,0.1290
logreg,30,300,30,0.490,0.8710,0.1290
logreg,30,300,30,0.500,0.8548,0.1290
logreg,30,300,30,0.510,0.8226,0.1613
logreg,30,300,30,0.520,0.7581,0.2258
logreg,30,300,30,0.530,0.7097,0.1774
logreg,30,300,30,0.540,0.5645,0.2419
logreg,30,300,30,0.550,0.5000,0.2419
logreg,30,300,30,0.560,0.3710,0.2258
logreg,30,300,30,0.570,0.2742,0.1452
logreg,30,300,30,0.580,0.2258,0.1452
logreg,30,300,30,0.590,0.1129,0.0806
logreg,30,300,30,0.600,0.0645,0.0161
logreg,30,300,30,0.610,0.0323,0.0000
logreg,30,300,30,0.620,0.0323,0.0000
logreg,30,300,30,0.630,0.0323,0.0000
logreg,30,300,30,0.640,0.0161,0.0000
logreg,30,300,30,0.650,0.0161,0.0000
logreg,30,300,30,0.660,0.0161,0.0000
logreg,30,300,30,0.670,0.0161,0.0000
logreg,30,300,30,0.680,0.0161,0.0000
logreg,30,300,30,0.690,0.0161,0.0000
logreg,30,300,30,0.700,0.0161,0.0000
logreg,30,300,30,0.710,0.0161,0.0000
logreg,30,300,30,0.720,0.0161,0.0000
logreg,30,300,30,0.730,0.0161,0.0000
logreg,30,300,30,0.740,0.0161,0.0000
logreg,30,300,30,0.750,0.0161,0.0000
logreg,30,300,30,0.760,0.0161,0.0000
logreg,30,300,30,0.770,0.0161,0.0000
logreg,30,300,30,0.780,0.0161,0.0000
logreg,30,300,30,0.790,0.0161,0.0000
logreg,30,300,30,0.800,0.0161,0.0000
logreg,30,300,30,0.810,0.0161,0.0000
logreg,30,300,30,0.820,0.0161,0.0000
logreg,30,300,30,0.830,0.0161,0.0000
logreg,30,300,30,0.840,0.0000,0.0000
logreg,30,300,30,0.850,0.0000,0.0000
logreg,30,300,30,0.860,0.0000,0.0000
logreg,30,300,30,0.870,0.0000,0.0000
logreg,30,300,30,0.880,0.0000,0.0000
logreg,30,300,30,0.890,0.0000,0.0000
logreg,30,300,30,0.900,0.0000,0.0000
logreg,30,300,30,0.910,0.0000,0.0000
logreg,30,300,30,0.920,0.0000,0.0000
logreg,30,300,30,0.930,0.0000,0.0000
logreg,30,300,30,0.940,0.0000,0.0000
logreg,30,300,30,0.950,0.0000,0.0000
logreg,30,300,30,0.960,0.0000,0.0000
logreg,30,300,30,0.970,0.0000,0.0000
logreg,30,300,30,0.980,0.0000,0.0000
logreg,30,300,30,0.990,0.0000,0.0000
logreg,30,300,30,1.000,0.0000,0.0000
logreg,30,300,60,0.000,0.9677,0.0323
logreg,30,300,60,0.010,0.9677,0.0323
logreg,30,300,60,0.020,0.9677,0.0323
logreg,30,300,60,0.030,0.9677,0.0323
logreg,30,300,60,0.040,0.9677,0.0323
logreg,30,300,60,0.050,0.9677,0.0323
logreg,30,300,60,0.060,0.9677,0.0323
logreg,30,300,60,0.070,0.9677,0.0323
logreg,30,300,60,0.080,0.9677,0.0323
logreg,30,300,60,0.090,0.9677,0.0323
logreg,30,300,60,0.100,0.9677,0.0323
logreg,30,300,60,0.110,0.9677,0.0323
logreg,30,300,60,0.120,0.9677,0.0323
logreg,30,300,60,0.130,0.9677,0.0323
logreg,30,300,60,0.140,0.9677,0.0323
logreg,30,300,60,0.150,0.9677,0.0323
logreg,30,300,60,0.160,0.9677,0.0323
logreg,30,300,60,0.170,0.9677,0.0323
logreg,30,300,60,0.180,0.9677,0.0323
logreg,30,300,60,0.190,0.9677,0.0323
logreg,30,300,60,0.200,0.9677,0.0323
logreg,30,300,60,0.210,0.9677,0.0323
logreg,30,300,60,0.220,0.9677,0.0323
logreg,30,300,60,0.230,0.9677,0.0323
logreg,30,300,60,0.240,0.9677,0.0323
logreg,30,300,60,0.250,0.9677,0.0323
logreg,30,300,60,0.260,0.9677,0.0323
logreg,30,300,60,0.270,0.9677,0.0323
logreg,30,300,60,0.280,0.9677,0.0323
logreg,30,300,60,0.290,0.9677,0.0323
logreg,30,300,60,0.300,0.9677,0.0323
logreg,30,300,60,0.310,0.9677,0.0323
logreg,30,300,60,0.320,0.9677,0.0323
logreg,30,300,60,0.330,0.9677,0.0323
logreg,30,300,60,0.340,0.9677,0.0323
logreg,30,300,60,0.350,0.9677,0.0323
logreg,30,300,60,0.360,0.9677,0.0323
logreg,30,300,60,0.370,0.9677,0.0323
logreg,30,300,60,0.380,0.9677,0.0323
logreg,30,300,60,0.390,0.9677,0.0323
logreg,30,300,60,0.400,0.9677,0.0323
logreg,30,300,60,0.410,0.9516,0.0484
logreg,30,300,60,0.420,0.9516,0.0484
logreg,30,300,60,0.430,0.9355,0.0645
logreg,30,300,60,0.440,0.9355,0.0645
logreg,30,300,60,0.450,0.9194,0.0806
logreg,30,300,60,0.460,0.9032,0.0968
logreg,30,300,60,0.470,0.8710,0.1290
logreg,30,300,60,0.480,0.8710,0.1290
logreg,30,300,60,0.490,0.8710,0.1290
logreg,30,300,60,0.500,0.8548,0.1290
logreg,30,300,60,0.510,0.8226,0.1613
logreg,30,300,60,0.520,0.7581,0.2258
logreg,30,300,60,0.530,0.7097,0.1774
logreg,30,300,60,0.540,0.5645,0.2742
logreg,30,300,60,0.550,0.5000,0.2742
logreg,30,300,60,0.560,0.3710,0.2581
logreg,30,300,60,0.570,0.2742,0.1935
logreg,30,300,60,0.580,0.2258,0.1452
logreg,30,300,60,0.590,0.1129,0.0806
logreg,30,300,60,0.600,0.0645,0.0323
logreg,30,300,60,0.610,0.0323,0.0000
logreg,30,300,60,0.620,0.0323,0.0000
logreg,30,300,60,0.630,0.0323,0.0000
logreg,30,300,60,0.640,0.0161,0.0000
logreg,30,300,60,0.650,0.0161,0.0000
logreg,30,300,60,0.660,0.0161,0.0000
logreg,30,300,60,0.670,0.0161,0.0000
logreg,30,300,60,0.680,0.0161,0.0000
logreg,30,300,60,0.690,0.0161,0.0000
logreg,30,300,60,0.700,0.0161,0.0000
logreg,30,300,60,0.710,0.0161,0.0000
logreg,30,300,60,0.720,0.0161,0.0000
logreg,30,300,60,0.730,0.0161,0.0000
logreg,30,300,60,0.740,0.0161,0.0000
logreg,30,300,60,0.750,0.0161,0.0000
logreg,30,300,60,0.760,0.0161,0.0000
logreg,30,300,60,0.770,0.0161,0.0000
logreg,30,300,60,0.780,0.0161,0.0000
logreg,30,300,60,0.790,0.0161,0.0000
logreg,30,300,60,0.800,0.0161,0.0000
logreg,30,300,60,0.810,0.0161,0.0000
logreg,30,300,60,0.820,0.0161,0.0000
logreg,30,300,60,0.830,0.0161,0.0000
logreg,30,300,60,0.840,0.0000,0.0000
logreg,30,300,60,0.850,0.0000,0.0000
logreg,30,300,60,0.860,0.0000,0.0000
logreg,30,300,60,0.870,0.0000,0.0000
logreg,30,300,60,0.880,0.0000,0.0000
logreg,30,300,60,0.890,0.0000,0.0000
logreg,30,300,60,0.900,0.0000,0.0000
logreg,30,300,60,0.910,0.0000,0.0000
logreg,30,300,60,0.920,0.0000,0.0000
logreg,30,300,60,0.930,0.0000,0.0000
logreg,30,300,60,0.940,0.0000,0.0000
logreg,30,300,60,0.950,0.0000,0.0000
logreg,30,300,60,0.960,0.0000,0.0000
logreg,30,300,60,0.970,0.0000,0.0000
logreg,30,300,60,0.980,0.0000,0.0000
logreg,30,300,60,0.990,0.0000,0.0000
logreg,30,300,60,1.000,0.0000,0.0000
logreg,30,300,120,0.000,0.9677,0.0323
logreg,30,300,120,0.010,0.9677,0.0323
logreg,30,300,120,0.020,0.9677,0.0323
logreg,30,300,120,0.030,0.9677,0.0323
logreg,30,300,120,0.040,0.9677,0.0323
logreg,30,300,120,0.050,0.9677,0.0323
logreg,30,300,120,0.060,0.9677,0.0323
logreg,30,300,120,0.070,0.9677,0.0323
logreg,30,300,120,0.080,0.9677,0.0323
logreg,30,300,120,0.090,0.9677,0.0323
logreg,30,300,120,0.100,0.9677,0.0323
logreg,30,300,120,0.110,0.9677,0.0323
logreg,30,300,120,0.120,0.9677,0.0323
logreg,30,300,120,0.130,0.9677,0.0323
logreg,30,300,120,0.140,0.9677,0.0323
logreg,30,300,120,0.150,0.9677,0.0323
logreg,30,300,120,0.160,0.9677,0.0323
logreg,30,300,120,0.170,0.9677,0.0323
logreg,30,300,120,0.180,0.9677,0.0323
logreg,30,300,120,0.190,0.9677,0.0323
logreg,30,300,120,0.200,0.9677,0.0323
logreg,30,300,120,0.210,0.9677,0.0323
logreg,30,300,120,0.220,0.9677,0.0323
logreg,30,300,120,0.230,0.9677,0.0323
logreg,30,300,120,0.240,0.9677,0.0323
logreg,30,300,120,0.250,0.9677,0.0323
logreg,30,300,120,0.260,0.9677,0.0323
logreg,30,300,120,0.270,0.9677,0.0323
logreg,30,300,120,0.280,0.9677,0.0323
logreg,30,300,120,0.290,0.9677,0.0323
logreg,30,300,120,0.300,0.9677,0.0323
logreg,30,300,120,0.310,0.9677,0.0323
logreg,30,300,120,0.320,0.9677,0.0323
logreg,30,300,120,0.330,0.9677,0.0323
logreg,30,300,120,0.340,0.9677,0.0323
logreg,30,300,120,0.350,0.9677,0.0323
logreg,30,300,120,0.360,0.9677,0.0323
logreg,30,300,120,0.370,0.9677,0.0323
logreg,30,300,120,0.380,0.9677,0.0323
logreg,30,300,120,0.390,0.9677,0.0323
logreg,30,300,120,0.400,0.9677,0.0323
logreg,30,300,120,0.410,0.9516,0.0484
logreg,30,300,120,0.420,0.9516,0.0484
logreg,30,300,120,0.430,0.9355,0.0645
logreg,30,300,120,0.440,0.9355,0.0645
logreg,30,300,120,0.450,0.9194,0.0806
logreg,30,300,120,0.460,0.9032,0.0968
logreg,30,300,120,0.470,0.8710,0.1290
logreg,30,300,120,0.480,0.8710,0.1290
logreg,30,300,120,0.490,0.8710,0.1290
logreg,30,300,120,0.500,0.8548,0.1452
logreg,30,300,120,0.510,0.8226,0.1774
logreg,30,300,120,0.520,0.7581,0.2258
logreg,30,300,120,0.530,0.7097,0.2097
logreg,30,300,120,0.540,0.5645,0.2903
logreg,30,300,120,0.550,0.5000,0.2742
logreg,30,300,120,0.560,0.3710,0.2742
logreg,30,300,120,0.570,0.2742,0.2419
logreg,30,300,120,0.580,0.2258,0.1935
logreg,30,300,120,0.590,0.1129,0.0968
logreg,30,300,120,0.600,0.0645,0.0323
logreg,30,300,120,0.610,0.0323,0.0000
logreg,30,300,120,0.620,0.0323,0.0000
logreg,30,300,120,0.630,0.0323,0.0000
logreg,30,300,120,0.640,0.0161,0.0000
logreg,30,300,120,0.650,0.0161,0.0000
logreg,30,300,120,0.660,0.0161,0.0000
logreg,30,300,120,0.670,0.0161,0.0000
logreg,30,300,120,0.680,0.0161,0.0000
logreg,30,300,120,0.690,0.0161,0.0000
logreg,30,300,120,0.700,0.0161,0.0000
logreg,30,300,120,0.710,0.0161,0.0000
logreg,30,300,120,0.720,0.0161,0.0000
logreg,30,300,120,0.730,0.0161,0.0000
logreg,30,300,120,0.740,0.0161,0.0000
logreg,30,300,120,0.750,0.0161,0.0000
logreg,30,300,120,0.760,0.0161,0.0000
logreg,30,300,120,0.770,0.0161,0.0000
logreg,30,300,120,0.780,0.0161,0.0000
logreg,30,300,120,0.790,0.0161,0.0000
logreg,30,300,120,0.800,0.0161,0.0000
logreg,30,300,120,0.810,0.0161,0.0000
logreg,30,300,120,0.820,0.0161,0.0000
logreg,30,300,120,0.830,0.0161,0.0000
logreg,30,300,120,0.840,0.0000,0.0000
logreg,30,300,120,0.850,0.0000,0.0000
logreg,30,300,120,0.860,0.0000,0.0000
logreg,30,300,120,0.870,0.0000,0.0000
logreg,30,300,120,0.880,0.0000,0.0000
logreg,30,300,120,0.890,0.0000,0.0000
logreg,30,300,120,0.900,0.0000,0.0000
logreg,30,300,120,0.910,0.0000,0.0000
logreg,30,300,120,0.920,0.0000,0.0000
logreg,30,300,120,0.930,0.0000,0.0000
logreg,30,300,120,0.940,0.0000,0.0000
logreg,30,300,120,0.950,0.0000,0.0000
logreg,30,300,120,0.960,0.0000,0.0000
logreg,30,300,120,0.970,0.0000,0.0000
logreg,30,300,120,0.980,0.0000,0.0000
logreg,30,300,120,0.990,0.0000,0.0000
logreg,30,300,120,1.000,0.0000,0.0000
logreg,30,420,0,0.000,0.9032,0.0968
logreg,30,420,0,0.010,0.9032,0.0968
logreg,30,420,0,0.020,0.9032,0.0968
logreg,30,420,0,0.030,0.9032,0.0968
logreg,30,420,0,0.040,0.9032,0.0968
logreg,30,420,0,0.050,0.9032,0.0968
logreg,30,420,0,0.060,0.9032,0.0968
logreg,30,420,0,0.070,0.9032,0.0968
logreg,30,420,0,0.080,0.9032,0.0968
logreg,30,420,0,0.090,0.9032,0.0968
logreg,30,420,0,0.100,0.9032,0.0968
logreg,30,420,0,0.110,0.9032,0.0968
logreg,30,420,0,0.120,0.9032,0.0968
logreg,30,420,0,0.130,0.9032,0.0968
logreg,30,420,0,0.140,0.9032,0.0968
logreg,30,420,0,0.150,0.9032,0.0968
logreg,30,420,0,0.160,0.9032,0.0968
logreg,30,420,0,0.170,0.9032,0.0968
logreg,30,420,0,0.180,0.9032,0.0968
logreg,30,420,0,0.190,0.9032,0.0968
logreg,30,420,0,0.200,0.9032,0.0968
logreg,30,420,0,0.210,0.9032,0.0968
logreg,30,420,0,0.220,0.9032,0.0968
logreg,30,420,0,0.230,0.9032,0.0968
logreg,30,420,0,0.240,0.9032,0.0968
logreg,30,420,0,0.250,0.9032,0.0968
logreg,30,420,0,0.260,0.9032,0.0968
logreg,30,420,0,0.270,0.9032,0.0968
logreg,30,420,0,0.280,0.9032,0.0968
logreg,30,420,0,0.290,0.9032,0.0968
logreg,30,420,0,0.300,0.9032,0.0968
logreg,30,420,0,0.310,0.9032,0.0968
logreg,30,420,0,0.320,0.9032,0.0968
logreg,30,420,0,0.330,0.9032,0.0968
logreg,30,420,0,0.340,0.9032,0.0968
logreg,30,420,0,0.350,0.9032,0.0968
logreg,30,420,0,0.360,0.9032,0.0968
logreg,30,420,0,0.370,0.9032,0.0968
logreg,30,420,0,0.380,0.8871,0.1129
logreg,30,420,0,0.390,0.8871,0.1129
logreg,30,420,0,0.400,0.8871,0.1129
logreg,30,420,0,0.410,0.8710,0.1290
logreg,30,420,0,0.420,0.8548,0.1452
logreg,30,420,0,0.430,0.8387,0.1613
logreg,30,420,0,0.440,0.8387,0.1613
logreg,30,420,0,0.450,0.8226,0.1774
logreg,30,420,0,0.460,0.7903,0.2097
logreg,30,420,0,0.470,0.7903,0.2097
logreg,30,420,0,0.480,0.7903,0.2097
logreg,30,420,0,0.490,0.7903,0.2097
logreg,30,420,0,0.500,0.7903,0.1935
logreg,30,420,0,0.510,0.7258,0.2581
logreg,30,420,0,0.520,0.6935,0.2903
logreg,30,420,0,0.530,0.6452,0.2097
logreg,30,420,0,0.540,0.5323,0.2742
logreg,30,420,0,0.550,0.4355,0.3065
logreg,30,420,0,0.560,0.3387,0.2419
logreg,30,420,0,0.570,0.2419,0.1774
logreg,30,420,0,0.580,0.1774,0.1935
logreg,30,420,0,0.590,0.0806,0.0968
logreg,30,420,0,0.600,0.0484,0.0323
logreg,30,420,0,0.610,0.0323,0.0000
logreg,30,420,0,0.620,0.0323,0.0000
logreg,30,420,0,0.630,0.0323,0.0000
logreg,30,420,0,0.640,0.0161,0.0000
logreg,30,420,0,0.650,0.0161,0.0000
logreg,30,420,0,0.660,0.0161,0.0000
logreg,30,420,0,0.670,0.0161,0.0000
logreg,30,420,0,0.680,0.0161,0.0000
logreg,30,420,0,0.690,0.0161,0.0000
logreg,30,420,0,0.700,0.0161,0.0000
logreg,30,420,0,0.710,0.0161,0.0000
logreg,30,420,0,0.720,0.0161,0.0000
logreg,30,420,0,0.730,0.0161,0.0000
logreg,30,420,0,0.740,0.0161,0.0000
logreg,30,420,0,0.750,0.0161,0.0000
logreg,30,420,0,0.760,0.0161,0.0000
logreg,30,420,0,0.770,0.0161,0.0000
logreg,30,420,0,0.780,0.0161,0.0000
logreg,30,420,0,0.790,0.0161,0.0000
logreg,30,420,0,0.800,0.0161,0.0000
logreg,30,420,0,0.810,0.0161,0.0000
logreg,30,420,0,0.820,0.0161,0.0000
logreg,30,420,0,0.830,0.0161,0.0000
logreg,30,420,0,0.840,0.0000,0.0000
logreg,30,420,0,0.850,0.0000,0.0000
logreg,30,420,0,0.860,0.0000,0.0000
logreg,30,420,0,0.870,0.0000,0.0000
logreg,30,420,0,0.880,0.0000,0.0000
logreg,30,420,0,0.890,0.0000,0.0000
logreg,30,420,0,0.900,0.0000,0.0000
logreg,30,420,0,0.910,0.0000,0.0000
logreg,30,420,0,0.920,0.0000,0.0000
logreg,30,420,0,0.930,0.0000,0.0000
logreg,30,420,0,0.940,0.0000,0.0000
logreg,30,420,0,0.950,0.0000,0.0000
logreg,30,420,0,0.960,0.0000,0.0000
logreg,30,420,0,0.970,0.0000,0.0000
logreg,30,420,0,0.980,0.0000,0.0000
logreg,30,420,0,0.990,0.0000,0.0000
logreg,30,420,0,1.000,0.0000,0.0000
logreg,30,420,30,0.000,0.9032,0.0968
logreg,30,420,30,0.010,0.9032,0.0968
logreg,30,420,30,0.020,0.9032,0.0968
logreg,30,420,30,0.030,0.9032,0.0968
logreg,30,420,30,0.040,0.9032,0.0968
logreg,30,420,30,0.050,0.9032,0.0968
logreg,30,420,30,0.060,0.9032,0.0968
logreg,30,420,30,0.070,0.9032,0.0968
logreg,30,420,30,0.080,0.9032,0.0968
logreg,30,420,30,0.090,0.9032,0.0968
logreg,30,420,30,0.100,0.9032,0.0968
logreg,30,420,30,0.110,0.9032,0.0968
logreg,30,420,30,0.120,0.9032,0.0968
logreg,30,420,30,0.130,0.9032,0.0968
logreg,30,420,30,0.140,0.9032,0.0968
logreg,30,420,30,0.150,0.9032,0.0968
logreg,30,420,30,0.160,0.9032,0.0968
logreg,30,420,30,0.170,0.9032,0.0968
logreg,30,420,30,0.180,0.9032,0.0968
logreg,30,420,30,0.190,0.9032,0.0968
logreg,30,420,30,0.200,0.9032,0.0968
logreg,30,420,30,0.210,0.9032,0.0968
logreg,30,420,30,0.220,0.9032,0.0968
logreg,30,420,30,0.230,0.9032,0.0968
logreg,30,420,30,0.240,0.9032,0.0968
logreg,30,420,30,0.250,0.9032,0.0968
logreg,30,420,30,0.260,0.9032,0.0968
logreg,30,420,30,0.270,0.9032,0.0968
logreg,30,420,30,0.280,0.9032,0.0968
logreg,30,420,30,0.290,0.9032,0.0968
logreg,30,420,30,0.300,0.9032,0.0968
logreg,30,420,30,0.310,0.9032,0.0968
logreg,30,420,30,0.320,0.9032,0.0968
logreg,30,420,30,0.330,0.9032,0.0968
logreg,30,420,30,0.340,0.9032,0.0968
logreg,30,420,30,0.350,0.9032,0.0968
logreg,30,420,30,0.360,0.9032,0.0968
logreg,30,420,30,0.370,0.9032,0.0968
logreg,30,420,30,0.380,0.8871,0.1129
logreg,30,420,30,0.390,0.8871,0.1129
logreg,30,420,30,0.400,0.8871,0.1129
logreg,30,420,30,0.410,0.8710,0.1290
logreg,30,420,30,0.420,0.8548,0.1452
logreg,30,420,30,0.430,0.8387,0.1613
logreg,30,420,30,0.440,0.8387,0.1613
logreg,30,420,30,0.450,0.8226,0.1774
logreg,30,420,30,0.460,0.7903,0.2097
logreg,30,420,30,0.470,0.7903,0.2097
logreg,30,420,30,0.480,0.7903,0.2097
logreg,30,420,30,0.490,0.7903,0.2097
logreg,30,420,30,0.500,0.7903,0.1935
logreg,30,420,30,0.510,0.7258,0.2581
logreg,30,420,30,0.520,0.6935,0.2903
logreg,30,420,30,0.530,0.6452,0.2419
logreg,30,420,30,0.540,0.5323,0.2742
logreg,30,420,30,0.550,0.4355,0.3065
logreg,30,420,30,0.560,0.3387,0.2581
logreg,30,420,30,0.570,0.2419,0.1774
logreg,30,420,30,0.580,0.1774,0.1935
logreg,30,420,30,0.590,0.0806,0.1129
logreg,30,420,30,0.600,0.0484,0.0323
logreg,30,420,30,0.610,0.0323,0.0000
logreg,30,420,30,0.620,0.0323,0.0000
logreg,30,420,30,0.630,0.0323,0.0000
logreg,30,420,30,0.640,0.0161,0.0000
logreg,30,420,30,0.650,0.0161,0.0000
logreg,30,420,30,0.660,0.0161,0.0000
logreg,30,420,30,0.670,0.0161,0.0000
logreg,30,420,30,0.680,0.0161,0.0000
logreg,30,420,30,0.690,0.0161,0.0000
logreg,30,420,30,0.700,0.0161,0.0000
logreg,30,420,30,0.710,0.0161,0.0000
logreg,30,420,30,0.720,0.0161,0.0000
logreg,30,420,30,0.730,0.0161,0.0000
logreg,30,420,30,0.740,0.0161,0.0000
logreg,30,420,30,0.750,0.0161,0.0000
logreg,30,420,30,0.760,0.0161,0.0000
logreg,30,420,30,0.770,0.0161,0.0000
logreg,30,420,30,0.780,0.0161,0.0000
logreg,30,420,30,0.790,0.0161,0.0000
logreg,30,420,30,0.800,0.0161,0.0000
logreg,30,420,30,0.810,0.0161,0.0000
logreg,30,420,30,0.820,0.0161,0.0000
logreg,30,420,30,0.830,0.0161,0.0000
logreg,30,420,30,0.840,0.0000,0.0000
logreg,30,420,30,0.850,0.0000,0.0000
logreg,30,420,30,0.860,0.0000,0.0000
logreg,30,420,30,0.870,0.0000,0.0000
logreg,30,420,30,0.880,0.0000,0.0000
logreg,30,420,30,0.890,0.0000,0.0000
logreg,30,420,30,0.900,0.0000,0.0000
logreg,30,420,30,0.910,0.0000,0.0000
logreg,30,420,30,0.920,0.0000,0.0000
logreg,30,420,30,0.930,0.0000,0.0000
logreg,30,420,30,0.940,0.0000,0.0000
logreg,30,420,30,0.950,0.0000,0.0000
logreg,30,420,30,0.960,0.0000,0.0000
logreg,30,420,30,0.970,0.0000,0.0000
logreg,30,420,30,0.980,0.0000,0.0000
logreg,30,420,30,0.990,0.0000,0.0000
logreg,30,420,30,1.000,0.0000,0.0000
logreg,30,420,60,0.000,0.9032,0.0968
logreg,30,420,60,0.010,0.9032,0.0968
logreg,30,420,60,0.020,0.9032,0.0968
logreg,30,420,60,0.030,0.9032,0.0968
logreg,30,420,60,0.040,0.9032,0.0968
logreg,30,420,60,0.050,0.9032,0.0968
logreg,30,420,60,0.060,0.9032,0.0968
logreg,30,420,60,0.070,0.9032,0.0968
logreg,30,420,60,0.080,0.9032,0.0968
logreg,30,420,60,0.090,0.9032,0.0968
logreg,30,420,60,0.100,0.9032,0.0968
logreg,30,420,60,0.110,0.9032,0.0968
logreg,30,420,60,0.120,0.9032,0.0968
logreg,30,420,60,0.130,0.9032,0.0968
logreg,30,420,60,0.140,0.9032,0.0968
logreg,30,420,60,0.150,0.9032,0.0968
logreg,30,420,60,0.160,0.9032,0.0968
logreg,30,420,60,0.170,0.9032,0.0968
logreg,30,420,60,0.180,0.9032,0.0968
logreg,30,420,60,0.190,0.9032,0.0968
logreg,30,420,60,0.200,0.9032,0.0968
logreg,30,420,60,0.210,0.9032,0.0968
logreg,30,420,60,0.220,0.9032,0.0968
logreg,30,420,60,0.230,0.9032,0.0968
logreg,30,420,60,0.240,0.9032,0.0968
logreg,30,420,60,0.250,0.9032,0.0968
logreg,30,420,60,0.260,0.9032,0.0968
logreg,30,420,60,0.270,0.9032,0.0968
logreg,30,420,60,0.280,0.9032,0.0968
logreg,30,420,60,0.290,0.9032,0.0968
logreg,30,420,60,0.300,0.9032,0.0968
logreg,30,420,60,0.310,0.9032,0.0968
logreg,30,420,60,0.320,0.9032,0.0968
logreg,30,420,60,0.330,0.9032,0.0968
logreg,30,420,60,0.340,0.9032,0.0968
logreg,30,420,60,0.350,0.9032,0.0968
logreg,30,420,60,0.360,0.9032,0.0968
logreg,30,420,60,0.370,0.9032,0.0968
logreg,30,420,60,0.380,0.8871,0.1129
logreg,30,420,60,0.390,0.8871,0.1129
logreg,30,420,60,0.400,0.8871,0.1129
logreg,30,420,60,0.410,0.8710,0.1290
logreg,30,420,60,0.420,0.8548,0.1452
logreg,30,420,60,0.430,0.8387,0.1613
logreg,30,420,60,0.440,0.8387,0.1613
logreg,30,420,60,0.450,0.8226,0.1774
logreg,30,420,60,0.460,0.7903,0.2097
logreg,30,420,60,0.470,0.7903,0.2097
logreg,30,420,60,0.480,0.7903,0.2097
logreg,30,420,60,0.490,0.7903,0.2097
logreg,30,420,60,0.500,0.7903,0.1935
logreg,30,420,60,0.510,0.7258,0.2581
logreg,30,420,60,0.520,0.6935,0.2903
logreg,30,420,60,0.530,0.6452,0.2419
logreg,30,420,60,0.540,0.5323,0.3065
logreg,30,420,60,0.550,0.4355,0.3387
logreg,30,420,60,0.560,0.3387,0.2903
logreg,30,420,60,0.570,0.2419,0.2258
logreg,30,420,60,0.580,0.1774,0.1935
logreg,30,420,60,0.590,0.0806,0.1129
logreg,30,420,60,0.600,0.0484,0.0484
logreg,30,420,60,0.610,0.0323,0.0000
logreg,30,420,60,0.620,0.0323,0.0000
logreg,30,420,60,0.630,0.0323,0.0000
logreg,30,420,60,0.640,0.0161,0.0000
logreg,30,420,60,0.650,0.0161,0.0000
logreg,30,420,60,0.660,0.0161,0.0000
logreg,30,420,60,0.670,0.0161,0.0000
logreg,30,420,60,0.680,0.0161,0.0000
logreg,30,420,60,0.690,0.0161,0.0000
logreg,30,420,60,0.700,0.0161,0.0000
logreg,30,420,60,0.710,0.0161,0.0000
logreg,30,420,60,0.720,0.0161,0.0000
logreg,30,420,60,0.730,0.0161,0.0000
logreg,30,420,60,0.740,0.0161,0.0000
logreg,30,420,60,0.750,0.0161,0.0000
logreg,30,420,60,0.760,0.0161,0.0000
logreg,30,420,60,0.770,0.0161,0.0000
logreg,30,420,60,0.780,0.0161,0.0000
logreg,30,420,60,0.790,0.0161,0.0000
logreg,30,420,60,0.800,0.0161,0.0000
logreg,30,420,60,0.810,0.0161,0.0000
logreg,30,420,60,0.820,0.0161,0.0000
logreg,30,420,60,0.830,0.0161,0.0000
logreg,30,420,60,0.840,0.0000,0.0000
logreg,30,420,60,0.850,0.0000,0.0000
logreg,30,420,60,0.860,0.0000,0.0000
logreg,30,420,60,0.870,0.0000,0.0000
logreg,30,420,60,0.880,0.0000,0.0000
logreg,30,420,60,0.890,0.0000,0.0000
logreg,30,420,60,0.900,0.0000,0.0000
logreg,30,420,60,0.910,0.0000,0.0000
logreg,30,420,60,0.920,0.0000,0.0000
logreg,30,420,60,0.930,0.0000,0.0000
logreg,30,420,60,0.940,0.0000,0.0000
logreg,30,420,60,0.950,0.0000,0.0000
logreg,30,420,60,0.960,0.0000,0.0000
logreg,30,420,60,0.970,0.0000,0.0000
logreg,30,420,60,0.980,0.0000,0.0000
logreg,30,420,60,0.990,0.0000,0.0000
logreg,30,420,60,1.000,0.0000,0.0000
logreg,30,420,120,0.000,0.9032,0.0968
logreg,30,420,120,0.010,0.9032,0.0968
logreg,30,420,120,0.020,0.9032,0.0968
logreg,30,420,120,0.030,0.9032,0.0968
logreg,30,420,120,0.040,0.9032,0.0968
logreg,30,420,120,0.050,0.9032,0.0968
logreg,30,420,120,0.060,0.9032,0.0968
logreg,30,420,120,0.070,0.9032,0.0968
logreg,30,420,120,0.080,0.9032,0.0968
logreg,30,420,120,0.090,0.9032,0.0968
logreg,30,420,120,0.100,0.9032,0.0968
logreg,30,420,120,0.110,0.9032,0.0968
logreg,30,420,120,0.120,0.9032,0.0968
logreg,30,420,120,0.130,0.9032,0.0968
logreg,30,420,120,0.140,0.9032,0.0968
logreg,30,420,120,0.150,0.9032,0.0968
logreg,30,420,120,0.160,0.9032,0.0968
logreg,30,420,120,0.170,0.9032,0.0968
logreg,30,420,120,0.180,0.9032,0.0968
logreg,30,420,120,0.190,0.9032,0.0968
logreg,30,420,120,0.200,0.9032,0.0968
logreg,30,420,120,0.210,0.9032,0.0968
logreg,30,420,120,0.220,0.9032,0.0968
logreg,30,420,120,0.230,0.9032,0.0968
logreg,30,420,120,0.240,0.9032,0.0968
logreg,30,420,120,0.250,0.9032,0.0968
logreg,30,420,120,0.260,0.9032,0.0968
logreg,30,420,120,0.270,0.9032,0.0968
logreg,30,420,120,0.280,0.9032,0.0968
logreg,30,420,120,0.290,0.9032,0.0968
logreg,30,420,120,0.300,0.9032,0.0968
logreg,30,420,120,0.310,0.9032,0.0968
logreg,30,420,120,0.320,0.9032,0.0968
logreg,30,420,120,0.330,0.9032,0.0968
logreg,30,420,120,0.340,0.9032,0.0968
logreg,30,420,120,0.350,0.9032,0.0968
logreg,30,420,120,0.360,0.9032,0.0968
logreg,30,420,120,0.370,0.9032,0.0968
logreg,30,420,120,0.380,0.8871,0.1129
logreg,30,420,120,0.390,0.8871,0.1129
logreg,30,420,120,0.400,0.8871,0.1129
logreg,30,420,120,0.410,0.8710,0.1290
logreg,30,420,120,0.420,0.8548,0.1452
logreg,30,420,120,0.430,0.8387,0.1613
logreg,30,420,120,0.440,0.8387,0.1613
logreg,30,420,120,0.450,0.8226,0.1774
logreg,30,420,120,0.460,0.7903,0.2097
logreg,30,420,120,0.470,0.7903,0.2097
logreg,30,420,120,0.480,0.7903,0.2097
logreg,30,420,120,0.490,0.7903,0.2097
logreg,30,420,120,0.500,0.7903,0.2097
logreg,30,420,120,0.510,0.7258,0.2742
logreg,30,420,120,0.520,0.6935,0.2903
logreg,30,420,120,0.530,0.6452,0.2742
logreg,30,420,120,0.540,0.5323,0.3226
logreg,30,420,120,0.550,0.4355,0.3387
logreg,30,420,120,0.560,0.3387,0.3065
logreg,30,420,120,0.570,0.2419,0.2742
logreg,30,420,120,0.580,0.1774,0.2419
logreg,30,420,120,0.590,0.0806,0.1290
logreg,30,420,120,0.600,0.0484,0.0484
logreg,30,420,120,0.610,0.0323,0.0000
logreg,30,420,120,0.620,0.0323,0.0000
logreg,30,420,120,0.630,0.0323,0.0000
logreg,30,420,120,0.640,0.0161,0.0000
logreg,30,420,120,0.650,0.0161,0.0000
logreg,30,420,120,0.660,0.0161,0.0000
logreg,30,420,120,0.670,0.0161,0.0000
logreg,30,420,120,0.680,0.0161,0.0000
logreg,30,420,120,0.690,0.0161,0.0000
logreg,30,420,120,0.700,0.0161,0.0000
logreg,30,420,120,0.710,0.0161,0.0000
logreg,30,420,120,0.720,0.0161,0.0000
logreg,30,420,120,0.730,0.0161,0.0000
logreg,30,420,120,0.740,0.0161,0.0000
logreg,30,420,120,0.750,0.0161,0.0000
logreg,30,420,120,0.760,0.0161,0.0000
logreg,30,420,120,0.770,0.0161,0.0000
logreg,30,420,120,0.780,0.0161,0.0000
logreg,30,420,120,0.790,0.0161,0.0000
logreg,30,420,120,0.800,0.0161,0.0000
logreg,30,420,120,0.810,0.0161,0.0000
logreg,30,420,120,0.820,0.0161,0.0000
logreg,30,420,120,0.830,0.0161,0.0000
logreg,30,420,120,0.840,0.0000,0.0000
logreg,30,420,120,0.850,0.0000,0.0000
logreg,30,420,120,0.860,0.0000,0.0000
logreg,30,420,120,0.870,0.0000,0.0000
logreg,30,420,120,0.880,0.0000,0.0000
logreg,30,420,120,0.890,0.0000,0.0000
logreg,30,420,120,0.900,0.0000,0.0000
logreg,30,420,120,0.910,0.0000,0.0000
logreg,30,420,120,0.920,0.0000,0.0000
logreg,30,420,120,0.930,0.0000,0.0000
logreg,30,420,120,0.940,0.0000,0.0000
logreg,30,420,120,0.950,0.0000,0.0000
logreg,30,420,120,0.960,0.0000,0.0000
logreg,30,420,120,0.970,0.0000,0.0000
logreg,30,420,120,0.980,0.0000,0.0000
logreg,30,420,120,0.990,0.0000,0.0000
logreg,30,420,120,1.000,0.0000,0.0000
logreg,60,180,0,0.000,1.0000,0.0000
logreg,60,180,0,0.010,1.0000,0.0000
logreg,60,180,0,0.020,1.0000,0.0000
logreg,60,180,0,0.030,1.0000,0.0000
logreg,60,180,0,0.040,1.0000,0.0000
logreg,60,180,0,0.050,1.0000,0.0000
logreg,60,180,0,0.060,1.0000,0.0000
logreg,60,180,0,0.070,1.0000,0.0000
logreg,60,180,0,0.080,1.0000,0.0000
logreg,60,180,0,0.090,1.0000,0.0000
logreg,60,180,0,0.100,1.0000,0.0000
logreg,60,180,0,0.110,1.0000,0.0000
logreg,60,180,0,0.120,1.0000,0.0000
logreg,60,180,0,0.130,1.0000,0.0000
logreg,60,180,0,0.140,1.0000,0.0000
logreg,60,180,0,0.150,1.0000,0.0000
logreg,60,180,0,0.160,1.0000,0.0000
logreg,60,180,0,0.170,1.0000,0.0000
logreg,60,180,0,0.180,1.0000,0.0000
logreg,60,180,0,0.190,1.0000,0.0000
logreg,60,180,0,0.200,1.0000,0.0000
logreg,60,180,0,0.210,1.0000,0.0000
logreg,60,180,0,0.220,1.0000,0.0000
logreg,60,180,0,0.230,1.0000,0.0000
logreg,60,180,0,0.240,1.0000,0.0000
logreg,60,180,0,0.250,1.0000,0.0000
logreg,60,180,0,0.260,1.0000,0.0000
logreg,60,180,0,0.270,1.0000,0.0000
logreg,60,180,0,0.280,1.0000,0.0000
logreg,60,180,0,0.290,1.0000,0.0000
logreg,60,180,0,0.300,1.0000,0.0000
logreg,60,180,0,0.310,1.0000,0.0000
logreg,60,180,0,0.320,1.0000,0.0000
logreg,60,180,0,0.330,1.0000,0.0000
logreg,60,180,0,0.340,1.0000,0.0000
logreg,60,180,0,0.350,1.0000,0.0000
logreg,60,180,0,0.360,1.0000,0.0000
logreg,60,180,0,0.370,1.0000,0.0000
logreg,60,180,0,0.380,1.0000,0.0000
logreg,60,180,0,0.390,1.0000,0.0000
logreg,60,180,0,0.400,1.0000,0.0000
logreg,60,180,0,0.410,0.9839,0.0161
logreg,60,180,0,0.420,0.9839,0.0161
logreg,60,180,0,0.430,0.9839,0.0161
logreg,60,180,0,0.440,0.9839,0.0161
logreg,60,180,0,0.450,0.9516,0.0484
logreg,60,180,0,0.460,0.9516,0.0484
logreg,60,180,0,0.470,0.9516,0.0484
logreg,60,180,0,0.480,0.9194,0.0645
logreg,60,180,0,0.490,0.9032,0.0484
logreg,60,180,0,0.500,0.8710,0.0806
logreg,60,180,0,0.510,0.8226,0.0645
logreg,60,180,0,0.520,0.7419,0.0968
logreg,60,180,0,0.530,0.6613,0.1129
logreg,60,180,0,0.540,0.5806,0.1452
logreg,60,180,0,0.550,0.5000,0.0968
logreg,60,180,0,0.560,0.3871,0.0484
logreg,60,180,0,0.570,0.2581,0.0645
logreg,60,180,0,0.580,0.1452,0.0645
logreg,60,180,0,0.590,0.0645,0.0161
logreg,60,180,0,0.600,0.0161,0.0000
logreg,60,180,0,0.610,0.0161,0.0000
logreg,60,180,0,0.620,0.0161,0.0000
logreg,60,180,0,0.630,0.0161,0.0000
logreg,60,180,0,0.640,0.0161,0.0000
logreg,60,180,0,0.650,0.0161,0.0000
logreg,60,180,0,0.660,0.0161,0.0000
logreg,60,180,0,0.670,0.0161,0.0000
logreg,60,180,0,0.680,0.0161,0.0000
logreg,60,180,0,0.690,0.0161,0.0000
logreg,60,180,0,0.700,0.0161,0.0000
logreg,60,180,0,0.710,0.0161,0.0000
logreg,60,180,0,0.720,0.0000,0.0000
logreg,60,180,0,0.730,0.0000,0.0000
logreg,60,180,0,0.740,0.0000,0.0000
logreg,60,180,0,0.750,0.0000,0.0000
logreg,60,180,0,0.760,0.0000,0.0000
logreg,60,180,0,0.770,0.0000,0.0000
logreg,60,180,0,0.780,0.0000,0.0000
logreg,60,180,0,0.790,0.0000,0.0000
logreg,60,180,0,0.800,0.0000,0.0000
logreg,60,180,0,0.810,0.0000,0.0000
logreg,60,180,0,0.820,0.0000,0.0000
logreg,60,180,0,0.830,0.0000,0.0000
logreg,60,180,0,0.840,0.0000,0.0000
logreg,60,180,0,0.850,0.0000,0.0000
logreg,60,180,0,0.860,0.0000,0.0000
logreg,60,180,0,0.870,0.0000,0.0000
logreg,60,180,0,0.880,0.0000,0.0000
logreg,60,180,0,0.890,0.0000,0.0000
logreg,60,180,0,0.900,0.0000,0.0000
logreg,60,180,0,0.910,0.0000,0.0000
logreg,60,180,0,0.920,0.0000,0.0000
logreg,60,180,0,0.930,0.0000,0.0000
logreg,60,180,0,0.940,0.0000,0.0000
logreg,60,180,0,0.950,0.0000,0.0000
logreg,60,180,0,0.960,0.0000,0.0000
logreg,60,180,0,0.970,0.0000,0.0000
logreg,60,180,0,0.980,0.0000,0.0000
logreg,60,180,0,0.990,0.0000,0.0000
logreg,60,180,0,1.000,0.0000,0.0000
logreg,60,180,30,0.000,1.0000,0.0000
logreg,60,180,30,0.010,1.0000,0.0000
logreg,60,180,30,0.020,1.0000,0.0000
logreg,60,180,30,0.030,1.0000,0.0000
logreg,60,180,30,0.040,1.0000,0.0000
logreg,60,180,30,0.050,1.0000,0.0000
logreg,60,180,30,0.060,1.0000,0.0000
logreg,60,180,30,0.070,1.0000,0.0000
logreg,60,180,30,0.080,1.0000,0.0000
logreg,60,180,30,0.090,1.0000,0.0000
logreg,60,180,30,0.100,1.0000,0.0000
logreg,60,180,30,0.110,1.0000,0.0000
logreg,60,180,30,0.120,1.0000,0.0000
logreg,60,180,30,0.130,1.0000,0.0000
logreg,60,180,30,0.140,1.0000,0.0000
logreg,60,180,30,0.150,1.0000,0.0000
logreg,60,180,30,0.160,1.0000,0.0000
logreg,60,180,30,0.170,1.0000,0.0000
logreg,60,180,30,0.180,1.0000,0.0000
logreg,60,180,30,0.190,1.0000,0.0000
logreg,60,180,30,0.200,1.0000,0.0000
logreg,60,180,30,0.210,1.0000,0.0000
logreg,60,180,30,0.220,1.0000,0.0000
logreg,60,180,30,0.230,1.0000,0.0000
logreg,60,180,30,0.240,1.0000,0.0000
logreg,60,180,30,0.250,1.0000,0.0000
logreg,60,180,30,0.260,1.0000,0.0000
logreg,60,180,30,0.270,1.0000,0.0000
logreg,60,180,30,0.280,1.0000,0.0000
logreg,60,180,30,0.290,1.0000,0.0000
logreg,60,180,30,0.300,1.0000,0.0000
logreg,60,180,30,0.310,1.0000,0.0000
logreg,60,180,30,0.320,1.0000,0.0000
logreg,60,180,30,0.330,1.0000,0.0000
logreg,60,180,30,0.340,1.0000,0.0000
logreg,60,180,30,0.350,1.0000,0.0000
logreg,60,180,30,0.360,1.0000,0.0000
logreg,60,180,30,0.370,1.0000,0.0000
logreg,60,180,30,0.380,1.0000,0.0000
logreg,60,180,30,0.390,1.0000,0.0000
logreg,60,180,30,0.400,1.0000,0.0000
logreg,60,180,30,0.410,0.9839,0.0161
logreg,60,180,30,0.420,0.9839,0.0161
logreg,60,180,30,0.430,0.9839,0.0161
logreg,60,180,30,0.440,0.9839,0.0161
logreg,60,180,30,0.450,0.9516,0.0484
logreg,60,180,30,0.460,0.9516,0.0484
logreg,60,180,30,0.470,0.9516,0.0484
logreg,60,180,30,0.480,0.9194,0.0645
logreg,60,180,30,0.490,0.9032,0.0645
logreg,60,180,30,0.500,0.8710,0.0968
logreg,60,180,30,0.510,0.8226,0.0806
logreg,60,180,30,0.520,0.7419,0.1129
logreg,60,180,30,0.530,0.6613,0.1129
logreg,60,180,30,0.540,0.5806,0.1613
logreg,60,180,30,0.550,0.5000,0.1129
logreg,60,180,30,0.560,0.3871,0.0484
logreg,60,180,30,0.570,0.2581,0.0806
logreg,60,180,30,0.580,0.1452,0.0806
logreg,60,180,30,0.590,0.0645,0.0161
logreg,60,180,30,0.600,0.0161,0.0000
logreg,60,180,30,0.610,0.0161,0.0000
logreg,60,180,30,0.620,0.0161,0.0000
logreg,60,180,30,0.630,0.0161,0.0000
logreg,60,180,30,0.640,0.0161,0.0000
logreg,60,180,30,0.650,0.0161,0.0000
logreg,60,180,30,0.660,0.0161,0.0000
logreg,60,180,30,0.670,0.0161,0.0000
logreg,60,180,30,0.680,0.0161,0.0000
logreg,60,180,30,0.690,0.0161,0.0000
logreg,60,180,30,0.700,0.0161,0.0000
logreg,60,180,30,0.710,0.0161,0.0000
logreg,60,180,30,0.720,0.0000,0.0000
logreg,60,180,30,0.730,0.0000,0.0000
logreg,60,180,30,0.740,0.0000,0.0000
logreg,60,180,30,0.750,0.0000,0.0000
logreg,60,180,30,0.760,0.0000,0.0000
logreg,60,180,30,0.770,0.0000,0.0000
logreg,60,180,30,0.780,0.0000,0.0000
logreg,60,180,30,0.790,0.0000,0.0000
logreg,60,180,30,0.800,0.0000,0.0000
logreg,60,180,30,0.810,0.0000,0.0000
logreg,60,180,30,0.820,0.0000,0.0000
logreg,60,180,30,0.830,0.0000,0.0000
logreg,60,180,30,0.840,0.0000,0.0000
logreg,60,180,30,0.850,0.0000,0.0000
logreg,60,180,30,0.860,0.0000,0.0000
logreg,60,180,30,0.870,0.0000,0.0000
logreg,60,180,30,0.880,0.0000,0.0000
logreg,60,180,30,0.890,0.0000,0.0000
logreg,60,180,30,0.900,0.0000,0.0000
logreg,60,180,30,0.910,0.0000,0.0000
logreg,60,180,30,0.920,0.0000,0.0000
logreg,60,180,30,0.930,0.0000,0.0000
logreg,60,180,30,0.940,0.0000,0.0000
logreg,60,180,30,0.950,0.0000,0.0000
logreg,60,180,30,0.960,0.0000,0.0000
logreg,60,180,30,0.970,0.0000,0.0000
logreg,60,180,30,0.980,0.0000,0.0000
logreg,60,180,30,0.990,0.0000,0.0000
logreg,60,180,30,1.000,0.0000,0.0000
logreg,60,180,60,0.000,1.0000,0.0000
logreg,60,180,60,0.010,1.0000,0.0000
logreg,60,180,60,0.020,1.0000,0.0000
logreg,60,180,60,0.030,1.0000,0.0000
logreg,60,180,60,0.040,1.0000,0.0000
logreg,60,180,60,0.050,1.0000,0.0000
logreg,60,180,60,0.060,1.0000,0.0000
logreg,60,180,60,0.070,1.0000,0.0000
logreg,60,180,60,0.080,1.0000,0.0000
logreg,60,180,60,0.090,1.0000,0.0000
logreg,60,180,60,0.100,1.0000,0.0000
logreg,60,180,60,0.110,1.0000,0.0000
logreg,60,180,60,0.120,1.0000,0.0000
logreg,60,180,60,0.130,1.0000,0.0000
logreg,60,180,60,0.140,1.0000,0.0000
logreg,60,180,60,0.150,1.0000,0.0000
logreg,60,180,60,0.160,1.0000,0.0000
logreg,60,180,60,0.170,1.0000,0.0000
logreg,60,180,60,0.180,1.0000,0.0000
logreg,60,180,60,0.190,1.0000,0.0000
logreg,60,180,60,0.200,1.0000,0.0000
logreg,60,180,60,0.210,1.0000,0.0000
logreg,60,180,60,0.220,1.0000,0.0000
logreg,60,180,60,0.230,1.0000,0.0000
logreg,60,180,60,0.240,1.0000,0.0000
logreg,60,180,60,0.250,1.0000,0.0000
logreg,60,180,60,0.260,1.0000,0.0000
logreg,60,180,60,0.270,1.0000,0.0000
logreg,60,180,60,0.280,1.0000,0.0000
logreg,60,180,60,0.290,1.0000,0.0000
logreg,60,180,60,0.300,1.0000,0.0000
logreg,60,180,60,0.310,1.0000,0.0000
logreg,60,180,60,0.320,1.0000,0.0000
logreg,60,180,60,0.330,1.0000,0.0000
logreg,60,180,60,0.340,1.0000,0.0000
logreg,60,180,60,0.350,1.0000,0.0000
logreg,60,180,60,0.360,1.0000,0.0000
logreg,60,180,60,0.370,1.0000,0.0000
logreg,60,180,60,0.380,1.0000,0.0000
logreg,60,180,60,0.390,1.0000,0.0000
logreg,60,180,60,0.400,1.0000,0.0000
logreg,60,180,60,0.410,0.9839,0.0161
logreg,60,180,60,0.420,0.9839,0.0161
logreg,60,180,60,0.430,0.9839,0.0161
logreg,60,180,60,0.440,0.9839,0.0161
logreg,60,180,60,0.450,0.9516,0.0484
logreg,60,180,60,0.460,0.9516,0.0484
logreg,60,180,60,0.470,0.9516,0.0484
logreg,60,180,60,0.480,0.9194,0.0645
logreg,60,180,60,0.490,0.9032,0.0645
logreg,60,180,60,0.500,0.8710,0.0968
logreg,60,180,60,0.510,0.8226,0.0806
logreg,60,180,60,0.520,0.7419,0.1290
logreg,60,180,60,0.530,0.6613,0.1452
logreg,60,180,60,0.540,0.5806,0.1613
logreg,60,180,60,0.550,0.5000,0.1290
logreg,60,180,60,0.560,0.3871,0.0968
logreg,60,180,60,0.570,0.2581,0.0968
logreg,60,180,60,0.580,0.1452,0.0806
logreg,60,180,60,0.590,0.0645,0.0161
logreg,60,180,60,0.600,0.0161,0.0000
logreg,60,180,60,0.610,0.0161,0.0000
logreg,60,180,60,0.620,0.0161,0.0000
logreg,60,180,60,0.630,0.0161,0.0000
logreg,60,180,60,0.640,0.0161,0.0000
logreg,60,180,60,0.650,0.0161,0.0000
logreg,60,180,60,0.660,0.0161,0.0000
logreg,60,180,60,0.670,0.0161,0.0000
logreg,60,180,60,0.680,0.0161,0.0000
logreg,60,180,60,0.690,0.0161,0.0000
logreg,60,180,60,0.700,0.0161,0.0000
logreg,60,180,60,0.710,0.0161,0.0000
logreg,60,180,60,0.720,0.0000,0.0000
logreg,60,180,60,0.730,0.0000,0.0000
logreg,60,180,60,0.740,0.0000,0.0000
logreg,60,180,60,0.750,0.0000,0.0000
logreg,60,180,60,0.760,0.0000,0.0000
logreg,60,180,60,0.770,0.0000,0.0000
logreg,60,180,60,0.780,0.0000,0.0000
logreg,60,180,60,0.790,0.0000,0.0000
logreg,60,180,60,0.800,0.0000,0.0000
logreg,60,180,60,0.810,0.0000,0.0000
logreg,60,180,60,0.820,0.0000,0.0000
logreg,60,180,60,0.830,0.0000,0.0000
logreg,60,180,60,0.840,0.0000,0.0000
logreg,60,180,60,0.850,0.0000,0.0000
logreg,60,180,60,0.860,0.0000,0.0000
logreg,60,180,60,0.870,0.0000,0.0000
logreg,60,180,60,0.880,0.0000,0.0000
logreg,60,180,60,0.890,0.0000,0.0000
logreg,60,180,60,0.900,0.0000,0.0000
logreg,60,180,60,0.910,0.0000,0.0000
logreg,60,180,60,0.920,0.0000,0.0000
logreg,60,180,60,0.930,0.0000,0.0000
logreg,60,180,60,0.940,0.0000,0.0000
logreg,60,180,60,0.950,0.0000,0.0000
logreg,60,180,60,0.960,0.0000,0.0000
logreg,60,180,60,0.970,0.0000,0.0000
logreg,60,180,60,0.980,0.0000,0.0000
logreg,60,180,60,0.990,0.0000,0.0000
logreg,60,180,60,1.000,0.0000,0.0000
logreg,60,180,120,0.000,1.0000,0.0000
logreg,60,180,120,0.010,1.0000,0.0000
logreg,60,180,120,0.020,1.0000,0.0000
logreg,60,180,120,0.030,1.0000,0.0000
logreg,60,180,120,0.040,1.0000,0.0000
logreg,60,180,120,0.050,1.0000,0.0000
logreg,60,180,120,0.060,1.0000,0.0000
logreg,60,180,120,0.070,1.0000,0.0000
logreg,60,180,120,0.080,1.0000,0.0000
logreg,60,180,120,0.090,1.0000,0.0000
logreg,60,180,120,0.100,1.0000,0.0000
logreg,60,180,120,0.110,1.0000,0.0000
logreg,60,180,120,0.120,1.0000,0.0000
logreg,60,180,120,0.130,1.0000,0.0000
logreg,60,180,120,0.140,1.0000,0.0000
logreg,60,180,120,0.150,1.0000,0.0000
logreg,60,180,120,0.160,1.0000,0.0000
logreg,60,180,120,0.170,1.0000,0.0000
logreg,60,180,120,0.180,1.0000,0.0000
logreg,60,180,120,0.190,1.0000,0.0000
logreg,60,180,120,0.200,1.0000,0.0000
logreg,60,180,120,0.210,1.0000,0.0000
logreg,60,180,120,0.220,1.0000,0.0000
logreg,60,180,120,0.230,1.0000,0.0000
logreg,60,180,120,0.240,1.0000,0.0000
logreg,60,180,120,0.250,1.0000,0.0000
logreg,60,180,120,0.260,1.0000,0.0000
logreg,60,180,120,0.270,1.0000,0.0000
logreg,60,180,120,0.280,1.0000,0.0000
logreg,60,180,120,0.290,1.0000,0.0000
logreg,60,180,120,0.300,1.0000,0.0000
logreg,60,180,120,0.310,1.0000,0.0000
logreg,60,180,120,0.320,1.0000,0.0000
logreg,60,180,120,0.330,1.0000,0.0000
logreg,60,180,120,0.340,1.0000,0.0000
logreg,60,180,120,0.350,1.0000,0.0000
logreg,60,180,120,0.360,1.0000,0.0000
logreg,60,180,120,0.370,1.0000,0.0000
logreg,60,180,120,0.380,1.0000,0.0000
logreg,60,180,120,0.390,1.0000,0.0000
logreg,60,180,120,0.400,1.0000,0.0000
logreg,60,180,120,0.410,0.9839,0.0161
logreg,60,180,120,0.420,0.9839,0.0161
logreg,60,180,120,0.430,0.9839,0.0161
logreg,60,180,120,0.440,0.9839,0.0161
logreg,60,180,120,0.450,0.9516,0.0484
logreg,60,180,120,0.460,0.9516,0.0484
logreg,60,180,120,0.470,0.9516,0.0484
logreg,60,180,120,0.480,0.9194,0.0806
logreg,60,180,120,0.490,0.9032,0.0645
logreg,60,180,120,0.500,0.8710,0.0968
logreg,60,180,120,0.510,0.8226,0.0806
logreg,60,180,120,0.520,0.7419,0.1613
logreg,60,180,120,0.530,0.6613,0.1935
logreg,60,180,120,0.540,0.5806,0.1935
logreg,60,180,120,0.550,0.5000,0.1452
logreg,60,180,120,0.560,0.3871,0.1613
logreg,60,180,120,0.570,0.2581,0.1129
logreg,60,180,120,0.580,0.1452,0.0806
logreg,60,180,120,0.590,0.0645,0.0323
logreg,60,180,120,0.600,0.0161,0.0000
logreg,60,180,120,0.610,0.0161,0.0000
logreg,60,180,120,0.620,0.0161,0.0000
logreg,60,180,120,0.630,0.0161,0.0000
logreg,60,180,120,0.640,0.0161,0.0000
logreg,60,180,120,0.650,0.0161,0.0000
logreg,60,180,120,0.660,0.0161,0.0000
logreg,60,180,120,0.670,0.0161,0.0000
logreg,60,180,120,0.680,0.0161,0.0000
logreg,60,180,120,0.690,0.0161,0.0000
logreg,60,180,120,0.700,0.0161,0.0000
logreg,60,180,120,0.710,0.0161,0.0000
logreg,60,180,120,0.720,0.0000,0.0000
logreg,60,180,120,0.730,0.0000,0.0000
logreg,60,180,120,0.740,0.0000,0.0000
logreg,60,180,120,0.750,0.0000,0.0000
logreg,60,180,120,0.760,0.0000,0.0000
logreg,60,180,120,0.770,0.0000,0.0000
logreg,60,180,120,0.780,0.0000,0.0000
logreg,60,180,120,0.790,0.0000,0.0000
logreg,60,180,120,0.800,0.0000,0.0000
logreg,60,180,120,0.810,0.0000,0.0000
logreg,60,180,120,0.820,0.0000,0.0000
logreg,60,180,120,0.830,0.0000,0.0000
logreg,60,180,120,0.840,0.0000,0.0000
logreg,60,180,120,0.850,0.0000,0.0000
logreg,60,180,120,0.860,0.0000,0.0000
logreg,60,180,120,0.870,0.0000,0.0000
logreg,60,180,120,0.880,0.0000,0.0000
logreg,60,180,120,0.890,0.0000,0.0000
logreg,60,180,120,0.900,0.0000,0.0000
logreg,60,180,120,0.910,0.0000,0.0000
logreg,60,180,120,0.920,0.0000,0.0000
logreg,60,180,120,0.930,0.0000,0.0000
logreg,60,180,120,0.940,0.0000,0.0000
logreg,60,180,120,0.950,0.0000,0.0000
logreg,60,180,120,0.960,0.0000,0.0000
logreg,60,180,120,0.970,0.0000,0.0000
logreg,60,180,120,0.980,0.0000,0.0000
logreg,60,180,120,0.990,0.0000,0.0000
logreg,60,180,120,1.000,0.0000,0.0000
logreg,60,300,0,0.000,0.9516,0.0484
logreg,60,300,0,0.010,0.9516,0.0484
logreg,60,300,0,0.020,0.9516,0.0484
logreg,60,300,0,0.030,0.9516,0.0484
logreg,60,300,0,0.040,0.9516,0.0484
logreg,60,300,0,0.050,0.9516,0.0484
logreg,60,300,0,0.060,0.9516,0.0484
logreg,60,300,0,0.070,0.9516,0.0484
logreg,60,300,0,0.080,0.9516,0.0484
logreg,60,300,0,0.090,0.9516,0.0484
logreg,60,300,0,0.100,0.9516,0.0484
logreg,60,300,0,0.110,0.9516,0.0484
logreg,60,300,0,0.120,0.9516,0.0484
logreg,60,300,0,0.130,0.9516,0.0484
logreg,60,300,0,0.140,0.9516,0.0484
logreg,60,300,0,0.150,0.9516,0.0484
logreg,60,300,0,0.160,0.9516,0.0484
logreg,60,300,0,0.170,0.9516,0.0484
logreg,60,300,0,0.180,0.9516,0.0484
logreg,60,300,0,0.190,0.9516,0.0484
logreg,60,300,0,0.200,0.9516,0.0484
logreg,60,300,0,0.210,0.9516,0.0484
logreg,60,300,0,0.220,0.9516,0.0484
logreg,60,300,0,0.230,0.9516,0.0484
logreg,60,300,0,0.240,0.9516,0.0484
logreg,60,300,0,0.250,0.9516,0.0484
logreg,60,300,0,0.260,0.9516,0.0484
logreg,60,300,0,0.270,0.9516,0.0484
logreg,60,300,0,0.280,0.9516,0.0484
logreg,60,300,0,0.290,0.9516,0.0484
logreg,60,300,0,0.300,0.9516,0.0484
logreg,60,300,0,0.310,0.9516,0.0484
logreg,60,300,0,0.320,0.9516,0.0484
logreg,60,300,0,0.330,0.9516,0.0484
logreg,60,300,0,0.340,0.9516,0.0484
logreg,60,300,0,0.350,0.9516,0.0484
logreg,60,300,0,0.360,0.9516,0.0484
logreg,60,300,0,0.370,0.9516,0.0484
logreg,60,300,0,0.380,0.9516,0.0484
logreg,60,300,0,0.390,0.9516,0.0484
logreg,60,300,0,0.400,0.9516,0.0484
logreg,60,300,0,0.410,0.9355,0.0645
logreg,60,300,0,0.420,0.9355,0.0645
logreg,60,300,0,0.430,0.9194,0.0806
logreg,60,300,0,0.440,0.9194,0.0806
logreg,60,300,0,0.450,0.8871,0.1129
logreg,60,300,0,0.460,0.8871,0.1129
logreg,60,300,0,0.470,0.8710,0.1290
logreg,60,300,0,0.480,0.8548,0.1290
logreg,60,300,0,0.490,0.8387,0.1129
logreg,60,300,0,0.500,0.8226,0.1290
logreg,60,300,0,0.510,0.7419,0.1452
logreg,60,300,0,0.520,0.6290,0.2097
logreg,60,300,0,0.530,0.5323,0.2419
logreg,60,300,0,0.540,0.5000,0.2258
logreg,60,300,0,0.550,0.3871,0.2097
logreg,60,300,0,0.560,0.2903,0.1452
logreg,60,300,0,0.570,0.1774,0.1452
logreg,60,300,0,0.580,0.1129,0.0968
logreg,60,300,0,0.590,0.0484,0.0323
logreg,60,300,0,0.600,0.0161,0.0000
logreg,60,300,0,0.610,0.0161,0.0000
logreg,60,300,0,0.620,0.0161,0.0000
logreg,60,300,0,0.630,0.0161,0.0000
logreg,60,300,0,0.640,0.0161,0.0000
logreg,60,300,0,0.650,0.0161,0.0000
logreg,60,300,0,0.660,0.0161,0.0000
logreg,60,300,0,0.670,0.0161,0.0000
logreg,60,300,0,0.680,0.0161,0.0000
logreg,60,300,0,0.690,0.0161,0.0000
logreg,60,300,0,0.700,0.0161,0.0000
logreg,60,300,0,0.710,0.0161,0.0000
logreg,60,300,0,0.720,0.0000,0.0000
logreg,60,300,0,0.730,0.0000,0.0000
logreg,60,300,0,0.740,0.0000,0.0000
logreg,60,300,0,0.750,0.0000,0.0000
logreg,60,300,0,0.760,0.0000,0.0000
logreg,60,300,0,0.770,0.0000,0.0000
logreg,60,300,0,0.780,0.0000,0.0000
logreg,60,300,0,0.790,0.0000,0.0000
logreg,60,300,0,0.800,0.0000,0.0000
logreg,60,300,0,0.810,0.0000,0.0000
logreg,60,300,0,0.820,0.0000,0.0000
logreg,60,300,0,0.830,0.0000,0.0000
logreg,60,300,0,0.840,0.0000,0.0000
logreg,60,300,0,0.850,0.0000,0.0000
logreg,60,300,0,0.860,0.0000,0.0000
logreg,60,300,0,0.870,0.0000,0.0000
logreg,60,300,0,0.880,0.0000,0.0000
logreg,60,300,0,0.890,0.0000,0.0000
logreg,60,300,0,0.900,0.0000,0.0000
logreg,60,300,0,0.910,0.0000,0.0000
logreg,60,300,0,0.920,0.0000,0.0000
logreg,60,300,0,0.930,0.0000,0.0000
logreg,60,300,0,0.940,0.0000,0.0000
logreg,60,300,0,0.950,0.0000,0.0000
logreg,60,300,0,0.960,0.0000,0.0000
logreg,60,300,0,0.970,0.0000,0.0000
logreg,60,300,0,0.980,0.0000,0.0000
logreg,60,300,0,0.990,0.0000,0.0000
logreg,60,300,0,1.000,0.0000,0.0000
logreg,60,300,30,0.000,0.9516,0.0484
logreg,60,300,30,0.010,0.9516,0.0484
logreg,60,300,30,0.020,0.9516,0.0484
logreg,60,300,30,0.030,0.9516,0.0484
logreg,60,300,30,0.040,0.9516,0.0484
logreg,60,300,30,0.050,0.9516,0.0484
logreg,60,300,30,0.060,0.9516,0.0484
logreg,60,300,30,0.070,0.9516,0.0484
logreg,60,300,30,0.080,0.9516,0.0484
logreg,60,300,30,0.090,0.9516,0.0484
logreg,60,300,30,0.100,0.9516,0.0484
logreg,60,300,30,0.110,0.9516,0.0484
logreg,60,300,30,0.120,0.9516,0.0484
logreg,60,300,30,0.130,0.9516,0.0484
logreg,60,300,30,0.140,0.9516,0.0484
logreg,60,300,30,0.150,0.9516,0.0484
logreg,60,300,30,0.160,0.9516,0.0484
logreg,60,300,30,0.170,0.9516,0.0484
logreg,60,300,30,0.180,0.9516,0.0484
logreg,60,300,30,0.190,0.9516,0.0484
logreg,60,300,30,0.200,0.9516,0.0484
logreg,60,300,30,0.210,0.9516,0.0484
logreg,60,300,30,0.220,0.9516,0.0484
logreg,60,300,30,0.230,0.9516,0.0484
logreg,60,300,30,0.240,0.9516,0.0484
logreg,60,300,30,0.250,0.9516,0.0484
logreg,60,300,30,0.260,0.9516,0.0484
logreg,60,300,30,0.270,0.9516,0.0484
logreg,60,300,30,0.280,0.9516,0.0484
logreg,60,300,30,0.290,0.9516,0.0484
logreg,60,300,30,0.300,0.9516,0.0484
logreg,60,300,30,0.310,0.9516,0.0484
logreg,60,300,30,0.320,0.9516,0.0484
logreg,60,300,30,0.330,0.9516,0.0484
logreg,60,300,30,0.340,0.9516,0.0484
logreg,60,300,30,0.350,0.9516,0.0484
logreg,60,300,30,0.360,0.9516,0.0484
logreg,60,300,30,0.370,0.9516,0.0484
logreg,60,300,30,0.380,0.9516,0.0484
logreg,60,300,30,0.390,0.9516,0.0484
logreg,60,300,30,0.400,0.9516,0.0484
logreg,60,300,30,0.410,0.9355,0.0645
logreg,60,300,30,0.420,0.9355,0.0645
logreg,60,300,30,0.430,0.9194,0.0806
logreg,60,300,30,0.440,0.9194,0.0806
logreg,60,300,30,0.450,0.8871,0.1129
logreg,60,300,30,0.460,0.8871,0.1129
logreg,60,300,30,0.470,0.8710,0.1290
logreg,60,300,30,0.480,0.8548,0.1290
logreg,60,300,30,0.490,0.8387,0.1290
logreg,60,300,30,0.500,0.8226,0.1452
logreg,60,300,30,0.510,0.7419,0.1613
logreg,60,300,30,0.520,0.6290,0.2258
logreg,60,300,30,0.530,0.5323,0.2419
logreg,60,300,30,0.540,0.5000,0.2419
logreg,60,300,30,0.550,0.3871,0.2258
logreg,60,300,30,0.560,0.2903,0.1452
logreg,60,300,30,0.570,0.1774,0.1613
logreg,60,300,30,0.580,0.1129,0.1129
logreg,60,300,30,0.590,0.0484,0.0323
logreg,60,300,30,0.600,0.0161,0.0000
logreg,60,300,30,0.610,0.0161,0.0000
logreg,60,300,30,0.620,0.0161,0.0000
logreg,60,300,30,0.630,0.0161,0.0000
logreg,60,300,30,0.640,0.0161,0.0000
logreg,60,300,30,0.650,0.0161,0.0000
logreg,60,300,30,0.660,0.0161,0.0000
logreg,60,300,30,0.670,0.0161,0.0000
logreg,60,300,30,0.680,0.0161,0.0000
logreg,60,300,30,0.690,0.0161,0.0000
logreg,60,300,30,0.700,0.0161,0.0000
logreg,60,300,30,0.710,0.0161,0.0000
logreg,60,300,30,0.720,0.0000,0.0000
logreg,60,300,30,0.730,0.0000,0.0000
logreg,60,300,30,0.740,0.0000,0.0000
logreg,60,300,30,0.750,0.0000,0.0000
logreg,60,300,30,0.760,0.0000,0.0000
logreg,60,300,30,0.770,0.0000,0.0000
logreg,60,300,30,0.780,0.0000,0.0000
logreg,60,300,30,0.790,0.0000,0.0000
logreg,60,300,30,0.800,0.0000,0.0000
logreg,60,300,30,0.810,0.0000,0.0000
logreg,60,300,30,0.820,0.0000,0.0000
logreg,60,300,30,0.830,0.0000,0.0000
logreg,60,300,30,0.840,0.0000,0.0000
logreg,60,300,30,0.850,0.0000,0.0000
logreg,60,300,30,0.860,0.0000,0.0000
logreg,60,300,30,0.870,0.0000,0.0000
logreg,60,300,30,0.880,0.0000,0.0000
logreg,60,300,30,0.890,0.0000,0.0000
logreg,60,300,30,0.900,0.0000,0.0000
logreg,60,300,30,0.910,0.0000,0.0000
logreg,60,300,30,0.920,0.0000,0.0000
logreg,60,300,30,0.930,0.0000,0.0000
logreg,60,300,30,0.940,0.0000,0.0000
logreg,60,300,30,0.950,0.0000,0.0000
logreg,60,300,30,0.960,0.0000,0.0000
logreg,60,300,30,0.970,0.0000,0.0000
logreg,60,300,30,0.980,0.0000,0.0000
logreg,60,300,30,0.990,0.0000,0.0000
logreg,60,300,30,1.000,0.0000,0.0000
logreg,60,300,60,0.000,0.9516,0.0484
logreg,60,300,60,0.010,0.9516,0.0484
logreg,60,300,60,0.020,0.9516,0.0484
logreg,60,300,60,0.030,0.9516,0.0484
logreg,60,300,60,0.040,0.9516,0.0484
logreg,60,300,60,0.050,0.9516,0.0484
logreg,60,300,60,0.060,0.9516,0.0484
logreg,60,300,60,0.070,0.9516,0.0484
logreg,60,300,60,0.080,0.9516,0.0484
logreg,60,300,60,0.090,0.9516,0.0484
logreg,60,300,60,0.100,0.9516,0.0484
logreg,60,300,60,0.110,0.9516,0.0484
logreg,60,300,60,0.120,0.9516,0.0484
logreg,60,300,60,0.130,0.9516,0.0484
logreg,60,300,60,0.140,0.9516,0.0484
logreg,60,300,60,0.150,0.9516,0.0484
logreg,60,300,60,0.160,0.9516,0.0484
logreg,60,300,60,0.170,0.9516,0.0484
logreg,60,300,60,0.180,0.9516,0.0484
logreg,60,300,60,0.190,0.9516,0.0484
logreg,60,300,60,0.200,0.9516,0.0484
logreg,60,300,60,0.210,0.9516,0.0484
logreg,60,300,60,0.220,0.9516,0.0484
logreg,60,300,60,0.230,0.9516,0.0484
logreg,60,300,60,0.240,0.9516,0.0484
logreg,60,300,60,0.250,0.9516,0.0484
logreg,60,300,60,0.260,0.9516,0.0484
logreg,60,300,60,0.270,0.9516,0.0484
logreg,60,300,60,0.280,0.9516,0.0484
logreg,60,300,60,0.290,0.9516,0.0484
logreg,60,300,60,0.300,0.9516,0.0484
logreg,60,300,60,0.310,0.9516,0.0484
logreg,60,300,60,0.320,0.9516,0.0484
logreg,60,300,60,0.330,0.9516,0.0484
logreg,60,300,60,0.340,0.9516,0.0484
logreg,60,300,60,0.350,0.9516,0.0484
logreg,60,300,60,0.360,0.9516,0.0484
logreg,60,300,60,0.370,0.9516,0.0484
logreg,60,300,60,0.380,0.9516,0.0484
logreg,60,300,60,0.390,0.9516,0.0484
logreg,60,300,60,0.400,0.9516,0.0484
logreg,60,300,60,0.410,0.9355,0.0645
logreg,60,300,60,0.420,0.9355,0.0645
logreg,60,300,60,0.430,0.9194,0.0806
logreg,60,300,60,0.440,0.9194,0.0806
logreg,60,300,60,0.450,0.8871,0.1129
logreg,60,300,60,0.460,0.8871,0.1129
logreg,60,300,60,0.470,0.8710,0.1290
logreg,60,300,60,0.480,0.8548,0.1290
logreg,60,300,60,0.490,0.8387,0.1290
logreg,60,300,60,0.500,0.8226,0.1452
logreg,60,300,60,0.510,0.7419,0.1613
logreg,60,300,60,0.520,0.6290,0.2419
logreg,60,300,60,0.530,0.5323,0.2742
logreg,60,300,60,0.540,0.5000,0.2419
logreg,60,300,60,0.550,0.3871,0.2419
logreg,60,300,60,0.560,0.2903,0.1935
logreg,60,300,60,0.570,0.1774,0.1774
logreg,60,300,60,0.580,0.1129,0.1129
logreg,60,300,60,0.590,0.0484,0.0323
logreg,60,300,60,0.600,0.0161,0.0000
logreg,60,300,60,0.610,0.0161,0.0000
logreg,60,300,60,0.620,0.0161,0.0000
logreg,60,300,60,0.630,0.0161,0.0000
logreg,60,300,60,0.640,0.0161,0.0000
logreg,60,300,60,0.650,0.0161,0.0000
logreg,60,300,60,0.660,0.0161,0.0000
logreg,60,300,60,0.670,0.0161,0.0000
logreg,60,300,60,0.680,0.0161,0.0000
logreg,60,300,60,0.690,0.0161,0.0000
logreg,60,300,60,0.700,0.0161,0.0000
logreg,60,300,60,0.710,0.0161,0.0000
logreg,60,300,60,0.720,0.0000,0.0000
logreg,60,300,60,0.730,0.0000,0.0000
logreg,60,300,60,0.740,0.0000,0.0000
logreg,60,300,60,0.750,0.0000,0.0000
logreg,60,300,60,0.760,0.0000,0.0000
logreg,60,300,60,0.770,0.0000,0.0000
logreg,60,300,60,0.780,0.0000,0.0000
logreg,60,300,60,0.790,0.0000,0.0000
logreg,60,300,60,0.800,0.0000,0.0000
logreg,60,300,60,0.810,0.0000,0.0000
logreg,60,300,60,0.820,0.0000,0.0000
logreg,60,300,60,0.830,0.0000,0.0000
logreg,60,300,60,0.840,0.0000,0.0000
logreg,60,300,60,0.850,0.0000,0.0000
logreg,60,300,60,0.860,0.0000,0.0000
logreg,60,300,60,0.870,0.0000,0.0000
logreg,60,300,60,0.880,0.0000,0.0000
logreg,60,300,60,0.890,0.0000,0.0000
logreg,60,300,60,0.900,0.0000,0.0000
logreg,60,300,60,0.910,0.0000,0.0000
logreg,60,300,60,0.920,0.0000,0.0000
logreg,60,300,60,0.930,0.0000,0.0000
logreg,60,300,60,0.940,0.0000,0.0000
logreg,60,300,60,0.950,0.0000,0.0000
logreg,60,300,60,0.960,0.0000,0.0000
logreg,60,300,60,0.970,0.0000,0.0000
logreg,60,300,60,0.980,0.0000,0.0000
logreg,60,300,60,0.990,0.0000,0.0000
logreg,60,300,60,1.000,0.0000,0.0000
logreg,60,300,120,0.000,0.9516,0.0484
logreg,60,300,120,0.010,0.9516,0.0484
logreg,60,300,120,0.020,0.9516,0.0484
logreg,60,300,120,0.030,0.9516,0.0484
logreg,60,300,120,0.040,0.9516,0.0484
logreg,60,300,120,0.050,0.9516,0.0484
logreg,60,300,120,0.060,0.9516,0.0484
logreg,60,300,120,0.070,0.9516,0.0484
logreg,60,300,120,0.080,0.9516,0.0484
logreg,60,300,120,0.090,0.9516,0.0484
logreg,60,300,120,0.100,0.9516,0.0484
logreg,60,300,120,0.110,0.9516,0.0484
logreg,60,300,120,0.120,0.9516,0.0484
logreg,60,300,120,0.130,0.9516,0.0484
logreg,60,300,120,0.140,0.9516,0.0484
logreg,60,300,120,0.150,0.9516,0.0484
logreg,60,300,120,0.160,0.9516,0.0484
logreg,60,300,120,0.170,0.9516,0.0484
logreg,60,300,120,0.180,0.9516,0.0484
logreg,60,300,120,0.190,0.9516,0.0484
logreg,60,300,120,0.200,0.9516,0.0484
logreg,60,300,120,0.210,0.9516,0.0484
logreg,60,300,120,0.220,0.9516,0.0484
logreg,60,300,120,0.230,0.9516,0.0484
logreg,60,300,120,0.240,0.9516,0.0484
logreg,60,300,120,0.250,0.9516,0.0484
logreg,60,300,120,0.260,0.9516,0.0484
logreg,60,300,120,0.270,0.9516,0.0484
logreg,60,300,120,0.280,0.9516,0.0484
logreg,60,300,120,0.290,0.9516,0.0484
logreg,60,300,120,0.300,0.9516,0.0484
logreg,60,300,120,0.310,0.9516,0.0484
logreg,60,300,120,0.320,0.9516,0.0484
logreg,60,300,120,0.330,0.9516,0.0484
logreg,60,300,120,0.340,0.9516,0.0484
logreg,60,300,120,0.350,0.9516,0.0484
logreg,60,300,120,0.360,0.9516,0.0484
logreg,60,300,120,0.370,0.9516,0.0484
logreg,60,300,120,0.380,0.9516,0.0484
logreg,60,300,120,0.390,0.9516,0.0484
logreg,60,300,120,0.400,0.9516,0.0484
logreg,60,300,120,0.410,0.9355,0.0645
logreg,60,300,120,0.420,0.9355,0.0645
logreg,60,300,120,0.430,0.9194,0.0806
logreg,60,300,120,0.440,0.9194,0.0806
logreg,60,300,120,0.450,0.8871,0.1129
logreg,60,300,120,0.460,0.8871,0.1129
logreg,60,300,120,0.470,0.8710,0.1290
logreg,60,300,120,0.480,0.8548,0.1452
logreg,60,300,120,0.490,0.8387,0.1290
logreg,60,300,120,0.500,0.8226,0.1452
logreg,60,300,120,0.510,0.7419,0.1613
logreg,60,300,120,0.520,0.6290,0.2742
logreg,60,300,120,0.530,0.5323,0.3226
logreg,60,300,120,0.540,0.5000,0.2742
logreg,60,300,120,0.550,0.3871,0.2581
logreg,60,300,120,0.560,0.2903,0.2581
logreg,60,300,120,0.570,0.1774,0.1935
logreg,60,300,120,0.580,0.1129,0.1129
logreg,60,300,120,0.590,0.0484,0.0484
logreg,60,300,120,0.600,0.0161,0.0000
logreg,60,300,120,0.610,0.0161,0.0000
logreg,60,300,120,0.620,0.0161,0.0000
logreg,60,300,120,0.630,0.0161,0.0000
logreg,60,300,120,0.640,0.0161,0.0000
logreg,60,300,120,0.650,0.0161,0.0000
logreg,60,300,120,0.660,0.0161,0.0000
logreg,60,300,120,0.670,0.0161,0.0000
logreg,60,300,120,0.680,0.0161,0.0000
logreg,60,300,120,0.690,0.0161,0.0000
logreg,60,300,120,0.700,0.0161,0.0000
logreg,60,300,120,0.710,0.0161,0.0000
logreg,60,300,120,0.720,0.0000,0.0000
logreg,60,300,120,0.730,0.0000,0.0000
logreg,60,300,120,0.740,0.0000,0.0000
logreg,60,300,120,0.750,0.0000,0.0000
logreg,60,300,120,0.760,0.0000,0.0000
logreg,60,300,120,0.770,0.0000,0.0000
logreg,60,300,120,0.780,0.0000,0.0000
logreg,60,300,120,0.790,0.0000,0.0000
logreg,60,300,120,0.800,0.0000,0.0000
logreg,60,300,120,0.810,0.0000,0.0000
logreg,60,300,120,0.820,0.0000,0.0000
logreg,60,300,120,0.830,0.0000,0.0000
logreg,60,300,120,0.840,0.0000,0.0000
logreg,60,300,120,0.850,0.0000,0.0000
logreg,60,300,120,0.860,0.0000,0.0000
logreg,60,300,120,0.870,0.0000,0.0000
logreg,60,300,120,0.880,0.0000,0.0000
logreg,60,300,120,0.890,0.0000,0.0000
logreg,60,300,120,0.900,0.0000,0.0000
logreg,60,300,120,0.910,0.0000,0.0000
logreg,60,300,120,0.920,0.0000,0.0000
logreg,60,300,120,0.930,0.0000,0.0000
logreg,60,300,120,0.940,0.0000,0.0000
logreg,60,300,120,0.950,0.0000,0.0000
logreg,60,300,120,0.960,0.0000,0.0000
logreg,60,300,120,0.970,0.0000,0.0000
logreg,60,300,120,0.980,0.0000,0.0000
logreg,60,300,120,0.990,0.0000,0.0000
logreg,60,300,120,1.000,0.0000,0.0000
logreg,60,420,0,0.000,0.8871,0.1129
logreg,60,420,0,0.010,0.8871,0.1129
logreg,60,420,0,0.020,0.8871,0.1129
logreg,60,420,0,0.030,0.8871,0.1129
logreg,60,420,0,0.040,0.8871,0.1129
logreg,60,420,0,0.050,0.8871,0.1129
logreg,60,420,0,0.060,0.8871,0.1129
logreg,60,420,0,0.070,0.8871,0.1129
logreg,60,420,0,0.080,0.8871,0.1129
logreg,60,420,0,0.090,0.8871,0.1129
logreg,60,420,0,0.100,0.8871,0.1129
logreg,60,420,0,0.110,0.8871,0.1129
logreg,60,420,0,0.120,0.8871,0.1129
logreg,60,420,0,0.130,0.8871,0.1129
logreg,60,420,0,0.140,0.8871,0.1129
logreg,60,420,0,0.150,0.8871,0.1129
logreg,60,420,0,0.160,0.8871,0.1129
logreg,60,420,0,0.170,0.8871,0.1129
logreg,60,420,0,0.180,0.8871,0.1129
logreg,60,420,0,0.190,0.8871,0.1129
logreg,60,420,0,0.200,0.8871,0.1129
logreg,60,420,0,0.210,0.8871,0.1129
logreg,60,420,0,0.220,0.8871,0.1129
logreg,60,420,0,0.230,0.8871,0.1129
logreg,60,420,0,0.240,0.8871,0.1129
logreg,60,420,0,0.250,0.8871,0.1129
logreg,60,420,0,0.260,0.8871,0.1129
logreg,60,420,0,0.270,0.8871,0.1129
logreg,60,420,0,0.280,0.8871,0.1129
logreg,60,420,0,0.290,0.8871,0.1129
logreg,60,420,0,0.300,0.8871,0.1129
logreg,60,420,0,0.310,0.8871,0.1129
logreg,60,420,0,0.320,0.8871,0.1129
logreg,60,420,0,0.330,0.8871,0.1129
logreg,60,420,0,0.340,0.8871,0.1129
logreg,60,420,0,0.350,0.8871,0.1129
logreg,60,420,0,0.360,0.8871,0.1129
logreg,60,420,0,0.370,0.8871,0.1129
logreg,60,420,0,0.380,0.8871,0.1129
logreg,60,420,0,0.390,0.8548,0.1452
logreg,60,420,0,0.400,0.8387,0.1613
logreg,60,420,0,0.410,0.8387,0.1613
logreg,60,420,0,0.420,0.8226,0.1774
logreg,60,420,0,0.430,0.8226,0.1774
logreg,60,420,0,0.440,0.8065,0.1935
logreg,60,420,0,0.450,0.7903,0.2097
logreg,60,420,0,0.460,0.7742,0.2258
logreg,60,420,0,0.470,0.7581,0.2419
logreg,60,420,0,0.480,0.7419,0.2419
logreg,60,420,0,0.490,0.7419,0.2097
logreg,60,420,0,0.500,0.6774,0.2742
logreg,60,420,0,0.510,0.6129,0.2742
logreg,60,420,0,0.520,0.5323,0.3065
logreg,60,420,0,0.530,0.4839,0.2903
logreg,60,420,0,0.540,0.4355,0.2903
logreg,60,420,0,0.550,0.3226,0.2742
logreg,60,420,0,0.560,0.2581,0.1774
logreg,60,420,0,0.570,0.1613,0.1613
logreg,60,420,0,0.580,0.0968,0.1129
logreg,60,420,0,0.590,0.0484,0.0323
logreg,60,420,0,0.600,0.0161,0.0000
logreg,60,420,0,0.610,0.0161,0.0000
logreg,60,420,0,0.620,0.0161,0.0000
logreg,60,420,0,0.630,0.0161,0.0000
logreg,60,420,0,0.640,0.0161,0.0000
logreg,60,420,0,0.650,0.0161,0.0000
logreg,60,420,0,0.660,0.0161,0.0000
logreg,60,420,0,0.670,0.0161,0.0000
logreg,60,420,0,0.680,0.0161,0.0000
logreg,60,420,0,0.690,0.0161,0.0000
logreg,60,420,0,0.700,0.0161,0.0000
logreg,60,420,0,0.710,0.0161,0.0000
logreg,60,420,0,0.720,0.0000,0.0000
logreg,60,420,0,0.730,0.0000,0.0000
logreg,60,420,0,0.740,0.0000,0.0000
logreg,60,420,0,0.750,0.0000,0.0000
logreg,60,420,0,0.760,0.0000,0.0000
logreg,60,420,0,0.770,0.0000,0.0000
logreg,60,420,0,0.780,0.0000,0.0000
logreg,60,420,0,0.790,0.0000,0.0000
logreg,60,420,0,0.800,0.0000,0.0000
logreg,60,420,0,0.810,0.0000,0.0000
logreg,60,420,0,0.820,0.0000,0.0000
logreg,60,420,0,0.830,0.0000,0.0000
logreg,60,420,0,0.840,0.0000,0.0000
logreg,60,420,0,0.850,0.0000,0.0000
logreg,60,420,0,0.860,0.0000,0.0000
logreg,60,420,0,0.870,0.0000,0.0000
logreg,60,420,0,0.880,0.0000,0.0000
logreg,60,420,0,0.890,0.0000,0.0000
logreg,60,420,0,0.900,0.0000,0.0000
logreg,60,420,0,0.910,0.0000,0.0000
logreg,60,420,0,0.920,0.0000,0.0000
logreg,60,420,0,0.930,0.0000,0.0000
logreg,60,420,0,0.940,0.0000,0.0000
logreg,60,420,0,0.950,0.0000,0.0000
logreg,60,420,0,0.960,0.0000,0.0000
logreg,60,420,0,0.970,0.0000,0.0000
logreg,60,420,0,0.980,0.0000,0.0000
logreg,60,420,0,0.990,0.0000,0.0000
logreg,60,420,0,1.000,0.0000,0.0000
logreg,60,420,30,0.000,0.8871,0.1129
logreg,60,420,30,0.010,0.8871,0.1129
logreg,60,420,30,0.020,0.8871,0.1129
logreg,60,420,30,0.030,0.8871,0.1129
logreg,60,420,30,0.040,0.8871,0.1129
logreg,60,420,30,0.050,0.8871,0.1129
logreg,60,420,30,0.060,0.8871,0.1129
logreg,60,420,30,0.070,0.8871,0.1129
logreg,60,420,30,0.080,0.8871,0.1129
logreg,60,420,30,0.090,0.8871,0.1129
logreg,60,420,30,0.100,0.8871,0.1129
logreg,60,420,30,0.110,0.8871,0.1129
logreg,60,420,30,0.120,0.8871,0.1129
logreg,60,420,30,0.130,0.8871,0.1129
logreg,60,420,30,0.140,0.8871,0.1129
logreg,60,420,30,0.150,0.8871,0.1129
logreg,60,420,30,0.160,0.8871,0.1129
logreg,60,420,30,0.170,0.8871,0.1129
logreg,60,420,30,0.180,0.8871,0.1129
logreg,60,420,30,0.190,0.8871,0.1129
logreg,60,420,30,0.200,0.8871,0.1129
logreg,60,420,30,0.210,0.8871,0.1129
logreg,60,420,30,0.220,0.8871,0.1129
logreg,60,420,30,0.230,0.8871,0.1129
logreg,60,420,30,0.240,0.8871,0.1129
logreg,60,420,30,0.250,0.8871,0.1129
logreg,60,420,30,0.260,0.8871,0.1129
logreg,60,420,30,0.270,0.8871,0.1129
logreg,60,420,30,0.280,0.8871,0.1129
logreg,60,420,30,0.290,0.8871,0.1129
logreg,60,420,30,0.300,0.8871,0.1129
logreg,60,420,30,0.310,0.8871,0.1129
logreg,60,420,30,0.320,0.8871,0.1129
logreg,60,420,30,0.330,0.8871,0.1129
logreg,60,420,30,0.340,0.8871,0.1129
logreg,60,420,30,0.350,0.8871,0.1129
logreg,60,420,30,0.360,0.8871,0.1129
logreg,60,420,30,0.370,0.8871,0.1129
logreg,60,420,30,0.380,0.8871,0.1129
logreg,60,420,30,0.390,0.8548,0.1452
logreg,60,420,30,0.400,0.8387,0.1613
logreg,60,420,30,0.410,0.8387,0.1613
logreg,60,420,30,0.420,0.8226,0.1774
logreg,60,420,30,0.430,0.8226,0.1774
logreg,60,420,30,0.440,0.8065,0.1935
logreg,60,420,30,0.450,0.7903,0.2097
logreg,60,420,30,0.460,0.7742,0.2258
logreg,60,420,30,0.470,0.7581,0.2419
logreg,60,420,30,0.480,0.7419,0.2419
logreg,60,420,30,0.490,0.7419,0.2258
logreg,60,420,30,0.500,0.6774,0.2903
logreg,60,420,30,0.510,0.6129,0.2903
logreg,60,420,30,0.520,0.5323,0.3226
logreg,60,420,30,0.530,0.4839,0.2903
logreg,60,420,30,0.540,0.4355,0.3065
logreg,60,420,30,0.550,0.3226,0.2903
logreg,60,420,30,0.560,0.2581,0.1774
logreg,60,420,30,0.570,0.1613,0.1774
logreg,60,420,30,0.580,0.0968,0.1290
logreg,60,420,30,0.590,0.0484,0.0323
logreg,60,420,30,0.600,0.0161,0.0000
logreg,60,420,30,0.610,0.0161,0.0000
logreg,60,420,30,0.620,0.0161,0.0000
logreg,60,420,30,0.630,0.0161,0.0000
logreg,60,420,30,0.640,0.0161,0.0000
logreg,60,420,30,0.650,0.0161,0.0000
logreg,60,420,30,0.660,0.0161,0.0000
logreg,60,420,30,0.670,0.0161,0.0000
logreg,60,420,30,0.680,0.0161,0.0000
logreg,60,420,30,0.690,0.0161,0.0000
logreg,60,420,30,0.700,0.0161,0.0000
logreg,60,420,30,0.710,0.0161,0.0000
logreg,60,420,30,0.720,0.0000,0.0000
logreg,60,420,30,0.730,0.0000,0.0000
logreg,60,420,30,0.740,0.0000,0.0000
logreg,60,420,30,0.750,0.0000,0.0000
logreg,60,420,30,0.760,0.0000,0.0000
logreg,60,420,30,0.770,0.0000,0.0000
logreg,60,420,30,0.780,0.0000,0.0000
logreg,60,420,30,0.790,0.0000,0.0000
logreg,60,420,30,0.800,0.0000,0.0000
logreg,60,420,30,0.810,0.0000,0.0000
logreg,60,420,30,0.820,0.0000,0.0000
logreg,60,420,30,0.830,0.0000,0.0000
logreg,60,420,30,0.840,0.0000,0.0000
logreg,60,420,30,0.850,0.0000,0.0000
logreg,60,420,30,0.860,0.0000,0.0000
logreg,60,420,30,0.870,0.0000,0.0000
logreg,60,420,30,0.880,0.0000,0.0000
logreg,60,420,30,0.890,0.0000,0.0000
logreg,60,420,30,0.900,0.0000,0.0000
logreg,60,420,30,0.910,0.0000,0.0000
logreg,60,420,30,0.920,0.0000,0.0000
logreg,60,420,30,0.930,0.0000,0.0000
logreg,60,420,30,0.940,0.0000,0.0000
logreg,60,420,30,0.950,0.0000,0.0000
logreg,60,420,30,0.960,0.0000,0.0000
logreg,60,420,30,0.970,0.0000,0.0000
logreg,60,420,30,0.980,0.0000,0.0000
logreg,60,420,30,0.990,0.0000,0.0000
logreg,60,420,30,1.000,0.0000,0.0000
logreg,60,420,60,0.000,0.8871,0.1129
logreg,60,420,60,0.010,0.8871,0.1129
logreg,60,420,60,0.020,0.8871,0.1129
logreg,60,420,60,0.030,0.8871,0.1129
logreg,60,420,60,0.040,0.8871,0.1129
logreg,60,420,60,0.050,0.8871,0.1129
logreg,60,420,60,0.060,0.8871,0.1129
logreg,60,420,60,0.070,0.8871,0.1129
logreg,60,420,60,0.080,0.8871,0.1129
logreg,60,420,60,0.090,0.8871,0.1129
logreg,60,420,60,0.100,0.8871,0.1129
logreg,60,420,60,0.110,0.8871,0.1129
logreg,60,420,60,0.120,0.8871,0.1129
logreg,60,420,60,0.130,0.8871,0.1129
logreg,60,420,60,0.140,0.8871,0.1129
logreg,60,420,60,0.150,0.8871,0.1129
logreg,60,420,60,0.160,0.8871,0.1129
logreg,60,420,60,0.170,0.8871,0.1129
logreg,60,420,60,0.180,0.8871,0.1129
logreg,60,420,60,0.190,0.8871,0.1129
logreg,60,420,60,0.200,0.8871,0.1129
logreg,60,420,60,0.210,0.8871,0.1129
logreg,60,420,60,0.220,0.8871,0.1129
logreg,60,420,60,0.230,0.8871,0.1129
logreg,60,420,60,0.240,0.8871,0.1129
logreg,60,420,60,0.250,0.8871,0.1129
logreg,60,420,60,0.260,0.8871,0.1129
logreg,60,420,60,0.270,0.8871,0.1129
logreg,60,420,60,0.280,0.8871,0.1129
logreg,60,420,60,0.290,0.8871,0.1129
logreg,60,420,60,0.300,0.8871,0.1129
logreg,60,420,60,0.310,0.8871,0.1129
logreg,60,420,60,0.320,0.8871,0.1129
logreg,60,420,60,0.330,0.8871,0.1129
logreg,60,420,60,0.340,0.8871,0.1129
logreg,60,420,60,0.350,0.8871,0.1129
logreg,60,420,60,0.360,0.8871,0.1129
logreg,60,420,60,0.370,0.8871,0.1129
logreg,60,420,60,0.380,0.8871,0.1129
logreg,60,420,60,0.390,0.8548,0.1452
logreg,60,420,60,0.400,0.8387,0.1613
logreg,60,420,60,0.410,0.8387,0.1613
logreg,60,420,60,0.420,0.8226,0.1774
logreg,60,420,60,0.430,0.8226,0.1774
logreg,60,420,60,0.440,0.8065,0.1935
logreg,60,420,60,0.450,0.7903,0.2097
logreg,60,420,60,0.460,0.7742,0.2258
logreg,60,420,60,0.470,0.7581,0.2419
logreg,60,420,60,0.480,0.7419,0.2419
logreg,60,420,60,0.490,0.7419,0.2258
logreg,60,420,60,0.500,0.6774,0.2903
logreg,60,420,60,0.510,0.6129,0.2903
logreg,60,420,60,0.520,0.5323,0.3387
logreg,60,420,60,0.530,0.4839,0.3226
logreg,60,420,60,0.540,0.4355,0.3065
logreg,60,420,60,0.550,0.3226,0.3065
logreg,60,420,60,0.560,0.2581,0.2258
logreg,60,420,60,0.570,0.1613,0.1935
logreg,60,420,60,0.580,0.0968,0.1290
logreg,60,420,60,0.590,0.0484,0.0323
logreg,60,420,60,0.600,0.0161,0.0000
logreg,60,420,60,0.610,0.0161,0.0000
logreg,60,420,60,0.620,0.0161,0.0000
logreg,60,420,60,0.630,0.0161,0.0000
logreg,60,420,60,0.640,0.0161,0.0000
logreg,60,420,60,0.650,0.0161,0.0000
logreg,60,420,60,0.660,0.0161,0.0000
logreg,60,420,60,0.670,0.0161,0.0000
logreg,60,420,60,0.680,0.0161,0.0000
logreg,60,420,60,0.690,0.0161,0.0000
logreg,60,420,60,0.700,0.0161,0.0000
logreg,60,420,60,0.710,0.0161,0.0000
logreg,60,420,60,0.720,0.0000,0.0000
logreg,60,420,60,0.730,0.0000,0.0000
logreg,60,420,60,0.740,0.0000,0.0000
logreg,60,420,60,0.750,0.0000,0.0000
logreg,60,420,60,0.760,0.0000,0.0000
logreg,60,420,60,0.770,0.0000,0.0000
logreg,60,420,60,0.780,0.0000,0.0000
logreg,60,420,60,0.790,0.0000,0.0000
logreg,60,420,60,0.800,0.0000,0.0000
logreg,60,420,60,0.810,0.0000,0.0000
logreg,60,420,60,0.820,0.0000,0.0000
logreg,60,420,60,0.830,0.0000,0.0000
logreg,60,420,60,0.840,0.0000,0.0000
logreg,60,420,60,0.850,0.0000,0.0000
logreg,60,420,60,0.860,0.0000,0.0000
logreg,60,420,60,0.870,0.0000,0.0000
logreg,60,420,60,0.880,0.0000,0.0000
logreg,60,420,60,0.890,0.0000,0.0000
logreg,60,420,60,0.900,0.0000,0.0000
logreg,60,420,60,0.910,0.0000,0.0000
logreg,60,420,60,0.920,0.0000,0.0000
logreg,60,420,60,0.930,0.0000,0.0000
logreg,60,420,60,0.940,0.0000,0.0000
logreg,60,420,60,0.950,0.0000,0.0000
logreg,60,420,60,0.960,0.0000,0.0000
logreg,60,420,60,0.970,0.0000,0.0000
logreg,60,420,60,0.980,0.0000,0.0000
logreg,60,420,60,0.990,0.0000,0.0000
logreg,60,420,60,1.000,0.0000,0.0000
logreg,60,420,120,0.000,0.8871,0.1129
logreg,60,420,120,0.010,0.8871,0.1129
logreg,60,420,120,0.020,0.8871,0.1129
logreg,60,420,120,0.030,0.8871,0.1129
logreg,60,420,120,0.040,0.8871,0.1129
logreg,60,420,120,0.050,0.8871,0.1129
logreg,60,420,120,0.060,0.8871,0.1129
logreg,60,420,120,0.070,0.8871,0.1129
logreg,60,420,120,0.080,0.8871,0.1129
logreg,60,420,120,0.090,0.8871,0.1129
logreg,60,420,120,0.100,0.8871,0.1129
logreg,60,420,120,0.110,0.8871,0.1129
logreg,60,420,120,0.120,0.8871,0.1129
logreg,60,420,120,0.130,0.8871,0.1129
logreg,60,420,120,0.140,0.8871,0.1129
logreg,60,420,120,0.150,0.8871,0.1129
logreg,60,420,120,0.160,0.8871,0.1129
logreg,60,420,120,0.170,0.8871,0.1129
logreg,60,420,120,0.180,0.8871,0.1129
logreg,60,420,120,0.190,0.8871,0.1129
logreg,60,420,120,0.200,0.8871,0.1129
logreg,60,420,120,0.210,0.8871,0.1129
logreg,60,420,120,0.220,0.8871,0.1129
logreg,60,420,120,0.230,0.8871,0.1129
logreg,60,420,120,0.240,0.8871,0.1129
logreg,60,420,120,0.250,0.8871,0.1129
logreg,60,420,120,0.260,0.8871,0.1129
logreg,60,420,120,0.270,0.8871,0.1129
logreg,60,420,120,0.280,0.8871,0.1129
logreg,60,420,120,0.290,0.8871,0.1129
logreg,60,420,120,0.300,0.8871,0.1129
logreg,60,420,120,0.310,0.8871,0.1129
logreg,60,420,120,0.320,0.8871,0.1129
logreg,60,420,120,0.330,0.8871,0.1129
logreg,60,420,120,0.340,0.8871,0.1129
logreg,60,420,120,0.350,0.8871,0.1129
logreg,60,420,120,0.360,0.8871,0.1129
logreg,60,420,120,0.370,0.8871,0.1129
logreg,60,420,120,0.380,0.8871,0.1129
logreg,60,420,120,0.390,0.8548,0.1452
logreg,60,420,120,0.400,0.8387,0.1613
logreg,60,420,120,0.410,0.8387,0.1613
logreg,60,420,120,0.420,0.8226,0.1774
logreg,60,420,120,0.430,0.8226,0.1774
logreg,60,420,120,0.440,0.8065,0.1935
logreg,60,420,120,0.450,0.7903,0.2097
logreg,60,420,120,0.460,0.7742,0.2258
logreg,60,420,120,0.470,0.7581,0.2419
logreg,60,420,120,0.480,0.7419,0.2581
logreg,60,420,120,0.490,0.7419,0.2258
logreg,60,420,120,0.500,0.6774,0.2903
logreg,60,420,120,0.510,0.6129,0.2903
logreg,60,420,120,0.520,0.5323,0.3710
logreg,60,420,120,0.530,0.4839,0.3710
logreg,60,420,120,0.540,0.4355,0.3387
logreg,60,420,120,0.550,0.3226,0.3226
logreg,60,420,120,0.560,0.2581,0.2903
logreg,60,420,120,0.570,0.1613,0.2097
logreg,60,420,120,0.580,0.0968,0.1290
logreg,60,420,120,0.590,0.0484,0.0484
logreg,60,420,120,0.600,0.0161,0.0000
logreg,60,420,120,0.610,0.0161,0.0000
logreg,60,420,120,0.620,0.0161,0.0000
logreg,60,420,120,0.630,0.0161,0.0000
logreg,60,420,120,0.640,0.0161,0.0000
logreg,60,420,120,0.650,0.0161,0.0000
logreg,60,420,120,0.660,0.0161,0.0000
logreg,60,420,120,0.670,0.0161,0.0000
logreg,60,420,120,0.680,0.0161,0.0000
logreg,60,420,120,0.690,0.0161,0.0000
logreg,60,420,120,0.700,0.0161,0.0000
logreg,60,420,120,0.710,0.0161,0.0000
logreg,60,420,120,0.720,0.0000,0.0000
logreg,60,420,120,0.730,0.0000,0.0000
logreg,60,420,120,0.740,0.0000,0.0000
logreg,60,420,120,0.750,0.0000,0.0000
logreg,60,420,120,0.760,0.0000,0.0000
logreg,60,420,120,0.770,0.0000,0.0000
logreg,60,420,120,0.780,0.0000,0.0000
logreg,60,420,120,0.790,0.0000,0.0000
logreg,60,420,120,0.800,0.0000,0.0000
logreg,60,420,120,0.810,0.0000,0.0000
logreg,60,420,120,0.820,0.0000,0.0000
logreg,60,420,120,0.830,0.0000,0.0000
logreg,60,420,120,0.840,0.0000,0.0000
logreg,60,420,120,0.850,0.0000,0.0000
logreg,60,420,120,0.860,0.0000,0.0000
logreg,60,420,120,0.870,0.0000,0.0000
logreg,60,420,120,0.880,0.0000,0.0000
logreg,60,420,120,0.890,0.0000,0.0000
logreg,60,420,120,0.900,0.0000,0.0000
logreg,60,420,120,0.910,0.0000,0.0000
logreg,60,420,120,0.920,0.0000,0.0000
logreg,60,420,120,0.930,0.0000,0.0000
logreg,60,420,120,0.940,0.0000,0.0000
logreg,60,420,120,0.950,0.0000,0.0000
logreg,60,420,120,0.960,0.0000,0.0000
logreg,60,420,120,0.970,0.0000,0.0000
logreg,60,420,120,0.980,0.0000,0.0000
logreg,60,420,120,0.990,0.0000,0.0000
logreg,60,420,120,1.000,0.0000,0.0000
rf,0,180,0,0.000,1.0000,0.0000
rf,0,180,0,0.010,1.0000,0.0000
rf,0,180,0,0.020,1.0000,0.0000
rf,0,180,0,0.030,1.0000,0.0000
rf,0,180,0,0.040,1.0000,0.0000
rf,0,180,0,0.050,1.0000,0.0000
rf,0,180,0,0.060,1.0000,0.0000
rf,0,180,0,0.070,1.0000,0.0000
rf,0,180,0,0.080,1.0000,0.0000
rf,0,180,0,0.090,1.0000,0.0000
rf,0,180,0,0.100,1.0000,0.0000
rf,0,180,0,0.110,1.0000,0.0000
rf,0,180,0,0.120,1.0000,0.0000
rf,0,180,0,0.130,1.0000,0.0000
rf,0,180,0,0.140,1.0000,0.0000
rf,0,180,0,0.150,1.0000,0.0000
rf,0,180,0,0.160,1.0000,0.0000
rf,0,180,0,0.170,1.0000,0.0000
rf,0,180,0,0.180,1.0000,0.0000
rf,0,180,0,0.190,1.0000,0.0000
rf,0,180,0,0.200,1.0000,0.0000
rf,0,180,0,0.210,1.0000,0.0000
rf,0,180,0,0.220,1.0000,0.0000
rf,0,180,0,0.230,1.0000,0.0000
rf,0,180,0,0.240,1.0000,0.0000
rf,0,180,0,0.250,1.0000,0.0000
rf,0,180,0,0.260,1.0000,0.0000
rf,0,180,0,0.270,1.0000,0.0000
rf,0,180,0,0.280,1.0000,0.0000
rf,0,180,0,0.290,1.0000,0.0000
rf,0,180,0,0.300,1.0000,0.0000
rf,0,180,0,0.310,1.0000,0.0000
rf,0,180,0,0.320,1.0000,0.0000
rf,0,180,0,0.330,1.0000,0.0000
rf,0,180,0,0.340,1.0000,0.0000
rf,0,180,0,0.350,1.0000,0.0000
rf,0,180,0,0.360,1.0000,0.0000
rf,0,180,0,0.370,1.0000,0.0000
rf,0,180,0,0.380,1.0000,0.0000
rf,0,180,0,0.390,1.0000,0.0000
rf,0,180,0,0.400,1.0000,0.0000
rf,0,180,0,0.410,1.0000,0.0000
rf,0,180,0,0.420,0.9839,0.0161
rf,0,180,0,0.430,0.9839,0.0161
rf,0,180,0,0.440,0.9839,0.0161
rf,0,180,0,0.450,0.9839,0.0161
rf,0,180,0,0.460,0.9839,0.0161
rf,0,180,0,0.470,0.9677,0.0323
rf,0,180,0,0.480,0.9677,0.0323
rf,0,180,0,0.490,0.9677,0.0323
rf,0,180,0,0.500,0.9677,0.0323
rf,0,180,0,0.510,0.9677,0.0323
rf,0,180,0,0.520,0.9677,0.0323
rf,0,180,0,0.530,0.9355,0.0323
rf,0,180,0,0.540,0.9355,0.0323
rf,0,180,0,0.550,0.9355,0.0323
rf,0,180,0,0.560,0.9194,0.0323
rf,0,180,0,0.570,0.9194,0.0323
rf,0,180,0,0.580,0.8871,0.0484
rf,0,180,0,0.590,0.8871,0.0484
rf,0,180,0,0.600,0.8548,0.0645
rf,0,180,0,0.610,0.8387,0.0645
rf,0,180,0,0.620,0.7742,0.0968
rf,0,180,0,0.630,0.7581,0.1129
rf,0,180,0,0.640,0.7097,0.1129
rf,0,180,0,0.650,0.6935,0.0968
rf,0,180,0,0.660,0.6129,0.1290
rf,0,180,0,0.670,0.5968,0.1290
rf,0,180,0,0.680,0.5484,0.1290
rf,0,180,0,0.690,0.5161,0.1129
rf,0,180,0,0.700,0.4516,0.1613
rf,0,180,0,0.710,0.4355,0.1290
rf,0,180,0,0.720,0.4032,0.1452
rf,0,180,0,0.730,0.3387,0.0968
rf,0,180,0,0.740,0.3065,0.0806
rf,0,180,0,0.750,0.2742,0.0806
rf,0,180,0,0.760,0.2419,0.0645
rf,0,180,0,0.770,0.2258,0.0484
rf,0,180,0,0.780,0.2097,0.0484
rf,0,180,0,0.790,0.1613,0.0645
rf,0,180,0,0.800,0.1290,0.0645
rf,0,180,0,0.810,0.1129,0.0484
rf,0,180,0,0.820,0.1129,0.0484
rf,0,180,0,0.830,0.1129,0.0323
rf,0,180,0,0.840,0.0968,0.0323
rf,0,180,0,0.850,0.0806,0.0161
rf,0,180,0,0.860,0.0484,0.0161
rf,0,180,0,0.870,0.0484,0.0000
rf,0,180,0,0.880,0.0161,0.0000
rf,0,180,0,0.890,0.0000,0.0000
rf,0,180,0,0.900,0.0000,0.0000
rf,0,180,0,0.910,0.0000,0.0000
rf,0,180,0,0.920,0.0000,0.0000
rf,0,180,0,0.930,0.0000,0.0000
rf,0,180,0,0.940,0.0000,0.0000
rf,0,180,0,0.950,0.0000,0.0000
rf,0,180,0,0.960,0.0000,0.0000
rf,0,180,0,0.970,0.0000,0.0000
rf,0,180,0,0.980,0.0000,0.0000
rf,0,180,0,0.990,0.0000,0.0000
rf,0,180,0,1.000,0.0000,0.0000
rf,0,180,30,0.000,1.0000,0.0000
rf,0,180,30,0.010,1.0000,0.0000
rf,0,180,30,0.020,1.0000,0.0000
rf,0,180,30,0.030,1.0000,0.0000
rf,0,180,30,0.040,1.0000,0.0000
rf,0,180,30,0.050,1.0000,0.0000
rf,0,180,30,0.060,1.0000,0.0000
rf,0,180,30,0.070,1.0000,0.0000
rf,0,180,30,0.080,1.0000,0.0000
rf,0,180,30,0.090,1.0000,0.0000
rf,0,180,30,0.100,1.0000,0.0000
rf,0,180,30,0.110,1.0000,0.0000
rf,0,180,30,0.120,1.0000,0.0000
rf,0,180,30,0.130,1.0000,0.0000
rf,0,180,30,0.140,1.0000,0.0000
rf,0,180,30,0.150,1.0000,0.0000
rf,0,180,30,0.160,1.0000,0.0000
rf,0,180,30,0.170,1.0000,0.0000
rf,0,180,30,0.180,1.0000,0.0000
rf,0,180,30,0.190,1.0000,0.0000
rf,0,180,30,0.200,1.0000,0.0000
rf,0,180,30,0.210,1.0000,0.0000
rf,0,180,30,0.220,1.0000,0.0000
rf,0,180,30,0.230,1.0000,0.0000
rf,0,180,30,0.240,1.0000,0.0000
rf,0,180,30,0.250,1.0000,0.0000
rf,0,180,30,0.260,1.0000,0.0000
rf,0,180,30,0.270,1.0000,0.0000
rf,0,180,30,0.280,1.0000,0.0000
rf,0,180,30,0.290,1.0000,0.0000
rf,0,180,30,0.300,1.0000,0.0000
rf,0,180,30,0.310,1.0000,0.0000
rf,0,180,30,0.320,1.0000,0.0000
rf,0,180,30,0.330,1.0000,0.0000
rf,0,180,30,0.340,1.0000,0.0000
rf,0,180,30,0.350,1.0000,0.0000
rf,0,180,30,0.360,1.0000,0.0000
rf,0,180,30,0.370,1.0000,0.0000
rf,0,180,30,0.380,1.0000,0.0000
rf,0,180,30,0.390,1.0000,0.0000
rf,0,180,30,0.400,1.0000,0.0000
rf,0,180,30,0.410,1.0000,0.0000
rf,0,180,30,0.420,0.9839,0.0161
rf,0,180,30,0.430,0.9839,0.0161
rf,0,180,30,0.440,0.9839,0.0161
rf,0,180,30,0.450,0.9839,0.0161
rf,0,180,30,0.460,0.9839,0.0161
rf,0,180,30,0.470,0.9677,0.0323
rf,0,180,30,0.480,0.9677,0.0323
rf,0,180,30,0.490,0.9677,0.0323
rf,0,180,30,0.500,0.9677,0.0323
rf,0,180,30,0.510,0.9677,0.0323
rf,0,180,30,0.520,0.9677,0.0323
rf,0,180,30,0.530,0.9355,0.0323
rf,0,180,30,0.540,0.9355,0.0323
rf,0,180,30,0.550,0.9355,0.0323
rf,0,180,30,0.560,0.9194,0.0323
rf,0,180,30,0.570,0.9194,0.0323
rf,0,180,30,0.580,0.8871,0.0484
rf,0,180,30,0.590,0.8871,0.0484
rf,0,180,30,0.600,0.8548,0.0645
rf,0,180,30,0.610,0.8387,0.0806
rf,0,180,30,0.620,0.7742,0.1129
rf,0,180,30,0.630,0.7581,0.1290
rf,0,180,30,0.640,0.7097,0.1290
rf,0,180,30,0.650,0.6935,0.1129
rf,0,180,30,0.660,0.6129,0.1452
rf,0,180,30,0.670,0.5968,0.1452
rf,0,180,30,0.680,0.5484,0.1452
rf,0,180,30,0.690,0.5161,0.1290
rf,0,180,30,0.700,0.4516,0.1774
rf,0,180,30,0.710,0.4355,0.1452
rf,0,180,30,0.720,0.4032,0.1613
rf,0,180,30,0.730,0.3387,0.1290
rf,0,180,30,0.740,0.3065,0.1129
rf,0,180,30,0.750,0.2742,0.1129
rf,0,180,30,0.760,0.2419,0.0968
rf,0,180,30,0.770,0.2258,0.0806
rf,0,180,30,0.780,0.2097,0.0806
rf,0,180,30,0.790,0.1613,0.0968
rf,0,180,30,0.800,0.1290,0.0806
rf,0,180,30,0.810,0.1129,0.0645
rf,0,180,30,0.820,0.1129,0.0484
rf,0,180,30,0.830,0.1129,0.0323
rf,0,180,30,0.840,0.0968,0.0323
rf,0,180,30,0.850,0.0806,0.0161
rf,0,180,30,0.860,0.0484,0.0161
rf,0,180,30,0.870,0.0484,0.0000
rf,0,180,30,0.880,0.0161,0.0000
rf,0,180,30,0.890,0.0000,0.0000
rf,0,180,30,0.900,0.0000,0.0000
rf,0,180,30,0.910,0.0000,0.0000
rf,0,180,30,0.920,0.0000,0.0000
rf,0,180,30,0.930,0.0000,0.0000
rf,0,180,30,0.940,0.0000,0.0000
rf,0,180,30,0.950,0.0000,0.0000
rf,0,180,30,0.960,0.0000,0.0000
rf,0,180,30,0.970,0.0000,0.0000
rf,0,180,30,0.980,0.0000,0.0000
rf,0,180,30,0.990,0.0000,0.0000
rf,0,180,30,1.000,0.0000,0.0000
rf,0,180,60,0.000,1.0000,0.0000
rf,0,180,60,0.010,1.0000,0.0000
rf,0,180,60,0.020,1.0000,0.0000
rf,0,180,60,0.030,1.0000,0.0000
rf,0,180,60,0.040,1.0000,0.0000
rf,0,180,60,0.050,1.0000,0.0000
rf,0,180,60,0.060,1.0000,0.0000
rf,0,180,60,0.070,1.0000,0.0000
rf,0,180,60,0.080,1.0000,0.0000
rf,0,180,60,0.090,1.0000,0.0000
rf,0,180,60,0.100,1.0000,0.0000
rf,0,180,60,0.110,1.0000,0.0000
rf,0,180,60,0.120,1.0000,0.0000
rf,0,180,60,0.130,1.0000,0.0000
rf,0,180,60,0.140,1.0000,0.0000
rf,0,180,60,0.150,1.0000,0.0000
rf,0,180,60,0.160,1.0000,0.0000
rf,0,180,60,0.170,1.0000,0.0000
rf,0,180,60,0.180,1.0000,0.0000
rf,0,180,60,0.190,1.0000,0.0000
rf,0,180,60,0.200,1.0000,0.0000
rf,0,180,60,0.210,1.0000,0.0000
rf,0,180,60,0.220,1.0000,0.0000
rf,0,180,60,0.230,1.0000,0.0000
rf,0,180,60,0.240,1.0000,0.0000
rf,0,180,60,0.250,1.0000,0.0000
rf,0,180,60,0.260,1.0000,0.0000
rf,0,180,60,0.270,1.0000,0.0000
rf,0,180,60,0.280,1.0000,0.0000
rf,0,180,60,0.290,1.0000,0.0000
rf,0,180,60,0.300,1.0000,0.0000
rf,0,180,60,0.310,1.0000,0.0000
rf,0,180,60,0.320,1.0000,0.0000
rf,0,180,60,0.330,1.0000,0.0000
rf,0,180,60,0.340,1.0000,0.0000
rf,0,180,60,0.350,1.0000,0.0000
rf,0,180,60,0.360,1.0000,0.0000
rf,0,180,60,0.370,1.0000,0.0000
rf,0,180,60,0.380,1.0000,0.0000
rf,0,180,60,0.390,1.0000,0.0000
rf,0,180,60,0.400,1.0000,0.0000
rf,0,180,60,0.410,1.0000,0.0000
rf,0,180,60,0.420,0.9839,0.0161
rf,0,180,60,0.430,0.9839,0.0161
rf,0,180,60,0.440,0.9839,0.0161
rf,0,180,60,0.450,0.9839,0.0161
rf,0,180,60,0.460,0.9839,0.0161
rf,0,180,60,0.470,0.9677,0.0323
rf,0,180,60,0.480,0.9677,0.0323
rf,0,180,60,0.490,0.9677,0.0323
rf,0,180,60,0.500,0.9677,0.0323
rf,0,180,60,0.510,0.9677,0.0323
rf,0,180,60,0.520,0.9677,0.0323
rf,0,180,60,0.530,0.9355,0.0323
rf,0,180,60,0.540,0.9355,0.0323
rf,0,180,60,0.550,0.9355,0.0323
rf,0,180,60,0.560,0.9194,0.0323
rf,0,180,60,0.570,0.9194,0.0323
rf,0,180,60,0.580,0.8871,0.0484
rf,0,180,60,0.590,0.8871,0.0484
rf,0,180,60,0.600,0.8548,0.0645
rf,0,180,60,0.610,0.8387,0.0806
rf,0,180,60,0.620,0.7742,0.1290
rf,0,180,60,0.630,0.7581,0.1452
rf,0,180,60,0.640,0.7097,0.1613
rf,0,180,60,0.650,0.6935,0.1290
rf,0,180,60,0.660,0.6129,0.1613
rf,0,180,60,0.670,0.5968,0.1613
rf,0,180,60,0.680,0.5484,0.1613
rf,0,180,60,0.690,0.5161,0.1774
rf,0,180,60,0.700,0.4516,0.2097
rf,0,180,60,0.710,0.4355,0.1774
rf,0,180,60,0.720,0.4032,0.1774
rf,0,180,60,0.730,0.3387,0.1452
rf,0,180,60,0.740,0.3065,0.1290
rf,0,180,60,0.750,0.2742,0.1290
rf,0,180,60,0.760,0.2419,0.1129
rf,0,180,60,0.770,0.2258,0.0806
rf,0,180,60,0.780,0.2097,0.0806
rf,0,180,60,0.790,0.1613,0.0968
rf,0,180,60,0.800,0.1290,0.0806
rf,0,180,60,0.810,0.1129,0.0645
rf,0,180,60,0.820,0.1129,0.0484
rf,0,180,60,0.830,0.1129,0.0323
rf,0,180,60,0.840,0.0968,0.0323
rf,0,180,60,0.850,0.0806,0.0161
rf,0,180,60,0.860,0.0484,0.0161
rf,0,180,60,0.870,0.0484,0.0000
rf,0,180,60,0.880,0.0161,0.0000
rf,0,180,60,0.890,0.0000,0.0161
rf,0,180,60,0.900,0.0000,0.0000
rf,0,180,60,0.910,0.0000,0.0000
rf,0,180,60,0.920,0.0000,0.0000
rf,0,180,60,0.930,0.0000,0.0000
rf,0,180,60,0.940,0.0000,0.0000
rf,0,180,60,0.950,0.0000,0.0000
rf,0,180,60,0.960,0.0000,0.0000
rf,0,180,60,0.970,0.0000,0.0000
rf,0,180,60,0.980,0.0000,0.0000
rf,0,180,60,0.990,0.0000,0.0000
rf,0,180,60,1.000,0.0000,0.0000
rf,0,180,120,0.000,1.0000,0.0000
rf,0,180,120,0.010,1.0000,0.0000
rf,0,180,120,0.020,1.0000,0.0000
rf,0,180,120,0.030,1.0000,0.0000
rf,0,180,120,0.040,1.0000,0.0000
rf,0,180,120,0.050,1.0000,0.0000
rf,0,180,120,0.060,1.0000,0.0000
rf,0,180,120,0.070,1.0000,0.0000
rf,0,180,120,0.080,1.0000,0.0000
rf,0,180,120,0.090,1.0000,0.0000
rf,0,180,120,0.100,1.0000,0.0000
rf,0,180,120,0.110,1.0000,0.0000
rf,0,180,120,0.120,1.0000,0.0000
rf,0,180,120,0.130,1.0000,0.0000
rf,0,180,120,0.140,1.0000,0.0000
rf,0,180,120,0.150,1.0000,0.0000
rf,0,180,120,0.160,1.0000,0.0000
rf,0,180,120,0.170,1.0000,0.0000
rf,0,180,120,0.180,1.0000,0.0000
rf,0,180,120,0.190,1.0000,0.0000
rf,0,180,120,0.200,1.0000,0.0000
rf,0,180,120,0.210,1.0000,0.0000
rf,0,180,120,0.220,1.0000,0.0000
rf,0,180,120,0.230,1.0000,0.0000
rf,0,180,120,0.240,1.0000,0.0000
rf,0,180,120,0.250,1.0000,0.0000
rf,0,180,120,0.260,1.0000,0.0000
rf,0,180,120,0.270,1.0000,0.0000
rf,0,180,120,0.280,1.0000,0.0000
rf,0,180,120,0.290,1.0000,0.0000
rf,0,180,120,0.300,1.0000,0.0000
rf,0,180,120,0.310,1.0000,0.0000
rf,0,180,120,0.320,1.0000,0.0000
rf,0,180,120,0.330,1.0000,0.0000
rf,0,180,120,0.340,1.0000,0.0000
rf,0,180,120,0.350,1.0000,0.0000
rf,0,180,120,0.360,1.0000,0.0000
rf,0,180,120,0.370,1.0000,0.0000
rf,0,180,120,0.380,1.0000,0.0000
rf,0,180,120,0.390,1.0000,0.0000
rf,0,180,120,0.400,1.0000,0.0000
rf,0,180,120,0.410,1.0000,0.0000
rf,0,180,120,0.420,0.9839,0.0161
rf,0,180,120,0.430,0.9839,0.0161
rf,0,180,120,0.440,0.9839,0.0161
rf,0,180,120,0.450,0.9839,0.0161
rf,0,180,120,0.460,0.9839,0.0161
rf,0,180,120,0.470,0.9677,0.0323
rf,0,180,120,0.480,0.9677,0.0323
rf,0,180,120,0.490,0.9677,0.0323
rf,0,180,120,0.500,0.9677,0.0323
rf,0,180,120,0.510,0.9677,0.0323
rf,0,180,120,0.520,0.9677,0.0323
rf,0,180,120,0.530,0.9355,0.0484
rf,0,180,120,0.540,0.9355,0.0484
rf,0,180,120,0.550,0.9355,0.0484
rf,0,180,120,0.560,0.9194,0.0645
rf,0,180,120,0.570,0.9194,0.0645
rf,0,180,120,0.580,0.8871,0.0968
rf,0,180,120,0.590,0.8871,0.0968
rf,0,180,120,0.600,0.8548,0.1129
rf,0,180,120,0.610,0.8387,0.1290
rf,0,180,120,0.620,0.7742,0.1774
rf,0,180,120,0.630,0.7581,0.1774
rf,0,180,120,0.640,0.7097,0.1935
rf,0,180,120,0.650,0.6935,0.1613
rf,0,180,120,0.660,0.6129,0.1935
rf,0,180,120,0.670,0.5968,0.1935
rf,0,180,120,0.680,0.5484,0.2097
rf,0,180,120,0.690,0.5161,0.2258
rf,0,180,120,0.700,0.4516,0.2419
rf,0,180,120,0.710,0.4355,0.2419
rf,0,180,120,0.720,0.4032,0.2258
rf,0,180,120,0.730,0.3387,0.2097
rf,0,180,120,0.740,0.3065,0.1774
rf,0,180,120,0.750,0.2742,0.1613
rf,0,180,120,0.760,0.2419,0.1452
rf,0,180,120,0.770,0.2258,0.0968
rf,0,180,120,0.780,0.2097,0.0968
rf,0,180,120,0.790,0.1613,0.1290
rf,0,180,120,0.800,0.1290,0.0968
rf,0,180,120,0.810,0.1129,0.0806
rf,0,180,120,0.820,0.1129,0.0645
rf,0,180,120,0.830,0.1129,0.0323
rf,0,180,120,0.840,0.0968,0.0323
rf,0,180,120,0.850,0.0806,0.0161
rf,0,180,120,0.860,0.0484,0.0161
rf,0,180,120,0.870,0.0484,0.0000
rf,0,180,120,0.880,0.0161,0.0000
rf,0,180,120,0.890,0.0000,0.0161
rf,0,180,120,0.900,0.0000,0.0000
rf,0,180,120,0.910,0.0000,0.0000
rf,0,180,120,0.920,0.0000,0.0000
rf,0,180,120,0.930,0.0000,0.0000
rf,0,180,120,0.940,0.0000,0.0000
rf,0,180,120,0.950,0.0000,0.0000
rf,0,180,120,0.960,0.0000,0.0000
rf,0,180,120,0.970,0.0000,0.0000
rf,0,180,120,0.980,0.0000,0.0000
rf,0,180,120,0.990,0.0000,0.0000
rf,0,180,120,1.000,0.0000,0.0000
rf,0,300,0,0.000,1.0000,0.0000
rf,0,300,0,0.010,1.0000,0.0000
rf,0,300,0,0.020,1.0000,0.0000
rf,0,300,0,0.030,1.0000,0.0000
rf,0,300,0,0.040,1.0000,0.0000
rf,0,300,0,0.050,1.0000,0.0000
rf,0,300,0,0.060,1.0000,0.0000
rf,0,300,0,0.070,1.0000,0.0000
rf,0,300,0,0.080,1.0000,0.0000
rf,0,300,0,0.090,1.0000,0.0000
rf,0,300,0,0.100,1.0000,0.0000
rf,0,300,0,0.110,1.0000,0.0000
rf,0,300,0,0.120,1.0000,0.0000
rf,0,300,0,0.130,1.0000,0.0000
rf,0,300,0,0.140,1.0000,0.0000
rf,0,300,0,0.150,1.0000,0.0000
rf,0,300,0,0.160,1.0000,0.0000
rf,0,300,0,0.170,1.0000,0.0000
rf,0,300,0,0.180,1.0000,0.0000
rf,0,300,0,0.190,1.0000,0.0000
rf,0,300,0,0.200,1.0000,0.0000
rf,0,300,0,0.210,1.0000,0.0000
rf,0,300,0,0.220,1.0000,0.0000
rf,0,300,0,0.230,1.0000,0.0000
rf,0,300,0,0.240,1.0000,0.0000
rf,0,300,0,0.250,1.0000,0.0000
rf,0,300,0,0.260,1.0000,0.0000
rf,0,300,0,0.270,1.0000,0.0000
rf,0,300,0,0.280,1.0000,0.0000
rf,0,300,0,0.290,1.0000,0.0000
rf,0,300,0,0.300,1.0000,0.0000
rf,0,300,0,0.310,0.9839,0.0161
rf,0,300,0,0.320,0.9839,0.0161
rf,0,300,0,0.330,0.9839,0.0161
rf,0,300,0,0.340,0.9839,0.0161
rf,0,300,0,0.350,0.9677,0.0323
rf,0,300,0,0.360,0.9677,0.0323
rf,0,300,0,0.370,0.9677,0.0323
rf,0,300,0,0.380,0.9677,0.0323
rf,0,300,0,0.390,0.9677,0.0323
rf,0,300,0,0.400,0.9677,0.0323
rf,0,300,0,0.410,0.9516,0.0484
rf,0,300,0,0.420,0.9355,0.0645
rf,0,300,0,0.430,0.9355,0.0645
rf,0,300,0,0.440,0.9032,0.0968
rf,0,300,0,0.450,0.8871,0.1129
rf,0,300,0,0.460,0.8710,0.1290
rf,0,300,0,0.470,0.8710,0.1290
rf,0,300,0,0.480,0.8710,0.1290
rf,0,300,0,0.490,0.8710,0.1290
rf,0,300,0,0.500,0.8710,0.1290
rf,0,300,0,0.510,0.8548,0.1452
rf,0,300,0,0.520,0.8548,0.1452
rf,0,300,0,0.530,0.8226,0.1452
rf,0,300,0,0.540,0.8226,0.1452
rf,0,300,0,0.550,0.8226,0.1452
rf,0,300,0,0.560,0.7903,0.1613
rf,0,300,0,0.570,0.7903,0.1613
rf,0,300,0,0.580,0.7742,0.1613
rf,0,300,0,0.590,0.7742,0.1613
rf,0,300,0,0.600,0.7581,0.1613
rf,0,300,0,0.610,0.7258,0.1774
rf,0,300,0,0.620,0.6613,0.2097
rf,0,300,0,0.630,0.6613,0.2097
rf,0,300,0,0.640,0.6129,0.2097
rf,0,300,0,0.650,0.5968,0.1935
rf,0,300,0,0.660,0.5806,0.1613
rf,0,300,0,0.670,0.5484,0.1774
rf,0,300,0,0.680,0.4839,0.1935
rf,0,300,0,0.690,0.4516,0.1774
rf,0,300,0,0.700,0.3710,0.2419
rf,0,300,0,0.710,0.3387,0.2258
rf,0,300,0,0.720,0.3226,0.2258
rf,0,300,0,0.730,0.2581,0.1774
rf,0,300,0,0.740,0.2097,0.1774
rf,0,300,0,0.750,0.1935,0.1613
rf,0,300,0,0.760,0.1774,0.1290
rf,0,300,0,0.770,0.1613,0.1129
rf,0,300,0,0.780,0.1290,0.1290
rf,0,300,0,0.790,0.1129,0.1129
rf,0,300,0,0.800,0.1129,0.0806
rf,0,300,0,0.810,0.0968,0.0645
rf,0,300,0,0.820,0.0968,0.0645
rf,0,300,0,0.830,0.0806,0.0645
rf,0,300,0,0.840,0.0645,0.0645
rf,0,300,0,0.850,0.0645,0.0323
rf,0,300,0,0.860,0.0484,0.0161
rf,0,300,0,0.870,0.0484,0.0000
rf,0,300,0,0.880,0.0161,0.0000
rf,0,300,0,0.890,0.0000,0.0000
rf,0,300,0,0.900,0.0000,0.0000
rf,0,300,0,0.910,0.0000,0.0000
rf,0,300,0,0.920,0.0000,0.0000
rf,0,300,0,0.930,0.0000,0.0000
rf,0,300,0,0.940,0.0000,0.0000
rf,0,300,0,0.950,0.0000,0.0000
rf,0,300,0,0.960,0.0000,0.0000
rf,0,300,0,0.970,0.0000,0.0000
rf,0,300,0,0.980,0.0000,0.0000
rf,0,300,0,0.990,0.0000,0.0000
rf,0,300,0,1.000,0.0000,0.0000
rf,0,300,30,0.000,1.0000,0.0000
rf,0,300,30,0.010,1.0000,0.0000
rf,0,300,30,0.020,1.0000,0.0000
rf,0,300,30,0.030,1.0000,0.0000
rf,0,300,30,0.040,1.0000,0.0000
rf,0,300,30,0.050,1.0000,0.0000
rf,0,300,30,0.060,1.0000,0.0000
rf,0,300,30,0.070,1.0000,0.0000
rf,0,300,30,0.080,1.0000,0.0000
rf,0,300,30,0.090,1.0000,0.0000
rf,0,300,30,0.100,1.0000,0.0000
rf,0,300,30,0.110,1.0000,0.0000
rf,0,300,30,0.120,1.0000,0.0000
rf,0,300,30,0.130,1.0000,0.0000
rf,0,300,30,0.140,1.0000,0.0000
rf,0,300,30,0.150,1.0000,0.0000
rf,0,300,30,0.160,1.0000,0.0000
rf,0,300,30,0.170,1.0000,0.0000
rf,0,300,30,0.180,1.0000,0.0000
rf,0,300,30,0.190,1.0000,0.0000
rf,0,300,30,0.200,1.0000,0.0000
rf,0,300,30,0.210,1.0000,0.0000
rf,0,300,30,0.220,1.0000,0.0000
rf,0,300,30,0.230,1.0000,0.0000
rf,0,300,30,0.240,1.0000,0.0000
rf,0,300,30,0.250,1.0000,0.0000
rf,0,300,30,0.260,1.0000,0.0000
rf,0,300,30,0.270,1.0000,0.0000
rf,0,300,30,0.280,1.0000,0.0000
rf,0,300,30,0.290,1.0000,0.0000
rf,0,300,30,0.300,1.0000,0.0000
rf,0,300,30,0.310,0.9839,0.0161
rf,0,300,30,0.320,0.9839,0.0161
rf,0,300,30,0.330,0.9839,0.0161
rf,0,300,30,0.340,0.9839,0.0161
rf,0,300,30,0.350,0.9677,0.0323
rf,0,300,30,0.360,0.9677,0.0323
rf,0,300,30,0.370,0.9677,0.0323
rf,0,300,30,0.380,0.9677,0.0323
rf,0,300,30,0.390,0.9677,0.0323
rf,0,300,30,0.400,0.9677,0.0323
rf,0,300,30,0.410,0.9516,0.0484
rf,0,300,30,0.420,0.9355,0.0645
rf,0,300,30,0.430,0.9355,0.0645
rf,0,300,30,0.440,0.9032,0.0968
rf,0,300,30,0.450,0.8871,0.1129
rf,0,300,30,0.460,0.8710,0.1290
rf,0,300,30,0.470,0.8710,0.1290
rf,0,300,30,0.480,0.8710,0.1290
rf,0,300,30,0.490,0.8710,0.1290
rf,0,300,30,0.500,0.8710,0.1290
rf,0,300,30,0.510,0.8548,0.1452
rf,0,300,30,0.520,0.8548,0.1452
rf,0,300,30,0.530,0.8226,0.1452
rf,0,300,30,0.540,0.8226,0.1452
rf,0,300,30,0.550,0.8226,0.1452
rf,0,300,30,0.560,0.7903,0.1613
rf,0,300,30,0.570,0.7903,0.1613
rf,0,300,30,0.580,0.7742,0.1613
rf,0,300,30,0.590,0.7742,0.1613
rf,0,300,30,0.600,0.7581,0.1613
rf,0,300,30,0.610,0.7258,0.1935
rf,0,300,30,0.620,0.6613,0.2258
rf,0,300,30,0.630,0.6613,0.2258
rf,0,300,30,0.640,0.6129,0.2258
rf,0,300,30,0.650,0.5968,0.2097
rf,0,300,30,0.660,0.5806,0.1774
rf,0,300,30,0.670,0.5484,0.1935
rf,0,300,30,0.680,0.4839,0.2097
rf,0,300,30,0.690,0.4516,0.1935
rf,0,300,30,0.700,0.3710,0.2581
rf,0,300,30,0.710,0.3387,0.2419
rf,0,300,30,0.720,0.3226,0.2419
rf,0,300,30,0.730,0.2581,0.2097
rf,0,300,30,0.740,0.2097,0.2097
rf,0,300,30,0.750,0.1935,0.1935
rf,0,300,30,0.760,0.1774,0.1613
rf,0,300,30,0.770,0.1613,0.1452
rf,0,300,30,0.780,0.1290,0.1613
rf,0,300,30,0.790,0.1129,0.1452
rf,0,300,30,0.800,0.1129,0.0968
rf,0,300,30,0.810,0.0968,0.0806
rf,0,300,30,0.820,0.0968,0.0645
rf,0,300,30,0.830,0.0806,0.0645
rf,0,300,30,0.840,0.0645,0.0645
rf,0,300,30,0.850,0.0645,0.0323
rf,0,300,30,0.860,0.0484,0.0161
rf,0,300,30,0.870,0.0484,0.0000
rf,0,300,30,0.880,0.0161,0.0000
rf,0,300,30,0.890,0.0000,0.0000
rf,0,300,30,0.900,0.0000,0.0000
rf,0,300,30,0.910,0.0000,0.0000
rf,0,300,30,0.920,0.0000,0.0000
rf,0,300,30,0.930,0.0000,0.0000
rf,0,300,30,0.940,0.0000,0.0000
rf,0,300,30,0.950,0.0000,0.0000
rf,0,300,30,0.960,0.0000,0.0000
rf,0,300,30,0.970,0.0000,0.0000
rf,0,300,30,0.980,0.0000,0.0000
rf,0,300,30,0.990,0.0000,0.0000
rf,0,300,30,1.000,0.0000,0.0000
rf,0,300,60,0.000,1.0000,0.0000
rf,0,300,60,0.010,1.0000,0.0000
rf,0,300,60,0.020,1.0000,0.0000
rf,0,300,60,0.030,1.0000,0.0000
rf,0,300,60,0.040,1.0000,0.0000
rf,0,300,60,0.050,1.0000,0.0000
rf,0,300,60,0.060,1.0000,0.0000
rf,0,300,60,0.070,1.0000,0.0000
rf,0,300,60,0.080,1.0000,0.0000
rf,0,300,60,0.090,1.0000,0.0000
rf,0,300,60,0.100,1.0000,0.0000
rf,0,300,60,0.110,1.0000,0.0000
rf,0,300,60,0.120,1.0000,0.0000
rf,0,300,60,0.130,1.0000,0.0000
rf,0,300,60,0.140,1.0000,0.0000
rf,0,300,60,0.150,1.0000,0.0000
rf,0,300,60,0.160,1.0000,0.0000
rf,0,300,60,0.170,1.0000,0.0000
rf,0,300,60,0.180,1.0000,0.0000
rf,0,300,60,0.190,1.0000,0.0000
rf,0,300,60,0.200,1.0000,0.0000
rf,0,300,60,0.210,1.0000,0.0000
rf,0,300,60,0.220,1.0000,0.0000
rf,0,300,60,0.230,1.0000,0.0000
rf,0,300,60,0.240,1.0000,0.0000
rf,0,300,60,0.250,1.0000,0.0000
rf,0,300,60,0.260,1.0000,0.0000
rf,0,300,60,0.270,1.0000,0.0000
rf,0,300,60,0.280,1.0000,0.0000
rf,0,300,60,0.290,1.0000,0.0000
rf,0,300,60,0.300,1.0000,0.0000
rf,0,300,60,0.310,0.9839,0.0161
rf,0,300,60,0.320,0.9839,0.0161
rf,0,300,60,0.330,0.9839,0.0161
rf,0,300,60,0.340,0.9839,0.0161
rf,0,300,60,0.350,0.9677,0.0323
rf,0,300,60,0.360,0.9677,0.0323
rf,0,300,60,0.370,0.9677,0.0323
rf,0,300,60,0.380,0.9677,0.0323
rf,0,300,60,0.390,0.9677,0.0323
rf,0,300,60,0.400,0.9677,0.0323
rf,0,300,60,0.410,0.9516,0.0484
rf,0,300,60,0.420,0.9355,0.0645
rf,0,300,60,0.430,0.9355,0.0645
rf,0,300,60,0.440,0.9032,0.0968
rf,0,300,60,0.450,0.8871,0.1129
rf,0,300,60,0.460,0.8710,0.1290
rf,0,300,60,0.470,0.8710,0.1290
rf,0,300,60,0.480,0.8710,0.1290
rf,0,300,60,0.490,0.8710,0.1290
rf,0,300,60,0.500,0.8710,0.1290
rf,0,300,60,0.510,0.8548,0.1452
rf,0,300,60,0.520,0.8548,0.1452
rf,0,300,60,0.530,0.8226,0.1452
rf,0,300,60,0.540,0.8226,0.1452
rf,0,300,60,0.550,0.8226,0.1452
rf,0,300,60,0.560,0.7903,0.1613
rf,0,300,60,0.570,0.7903,0.1613
rf,0,300,60,0.580,0.7742,0.1613
rf,0,300,60,0.590,0.7742,0.1613
rf,0,300,60,0.600,0.7581,0.1613
rf,0,300,60,0.610,0.7258,0.1935
rf,0,300,60,0.620,0.6613,0.2419
rf,0,300,60,0.630,0.6613,0.2419
rf,0,300,60,0.640,0.6129,0.2581
rf,0,300,60,0.650,0.5968,0.2258
rf,0,300,60,0.660,0.5806,0.1935
rf,0,300,60,0.670,0.5484,0.2097
rf,0,300,60,0.680,0.4839,0.2258
rf,0,300,60,0.690,0.4516,0.2419
rf,0,300,60,0.700,0.3710,0.2903
rf,0,300,60,0.710,0.3387,0.2742
rf,0,300,60,0.720,0.3226,0.2581
rf,0,300,60,0.730,0.2581,0.2258
rf,0,300,60,0.740,0.2097,0.2258
rf,0,300,60,0.750,0.1935,0.2097
rf,0,300,60,0.760,0.1774,0.1774
rf,0,300,60,0.770,0.1613,0.1452
rf,0,300,60,0.780,0.1290,0.1613
rf,0,300,60,0.790,0.1129,0.1452
rf,0,300,60,0.800,0.1129,0.0968
rf,0,300,60,0.810,0.0968,0.0806
rf,0,300,60,0.820,0.0968,0.0645
rf,0,300,60,0.830,0.0806,0.0645
rf,0,300,60,0.840,0.0645,0.0645
rf,0,300,60,0.850,0.0645,0.0323
rf,0,300,60,0.860,0.0484,0.0161
rf,0,300,60,0.870,0.0484,0.0000
rf,0,300,60,0.880,0.0161,0.0000
rf,0,300,60,0.890,0.0000,0.0161
rf,0,300,60,0.900,0.0000,0.0000
rf,0,300,60,0.910,0.0000,0.0000
rf,0,300,60,0.920,0.0000,0.0000
rf,0,300,60,0.930,0.0000,0.0000
rf,0,300,60,0.940,0.0000,0.0000
rf,0,300,60,0.950,0.0000,0.0000
rf,0,300,60,0.960,0.0000,0.0000
rf,0,300,60,0.970,0.0000,0.0000
rf,0,300,60,0.980,0.0000,0.0000
rf,0,300,60,0.990,0.0000,0.0000
rf,0,300,60,1.000,0.0000,0.0000
rf,0,300,120,0.000,1.0000,0.0000
rf,0,300,120,0.010,1.0000,0.0000
rf,0,300,120,0.020,1.0000,0.0000
rf,0,300,120,0.030,1.0000,0.0000
rf,0,300,120,0.040,1.0000,0.0000
rf,0,300,120,0.050,1.0000,0.0000
rf,0,300,120,0.060,1.0000,0.0000
rf,0,300,120,0.070,1.0000,0.0000
rf,0,300,120,0.080,1.0000,0.0000
rf,0,300,120,0.090,1.0000,0.0000
rf,0,300,120,0.100,1.0000,0.0000
rf,0,300,120,0.110,1.0000,0.0000
rf,0,300,120,0.120,1.0000,0.0000
rf,0,300,120,0.130,1.0000,0.0000
rf,0,300,120,0.140,1.0000,0.0000
rf,0,300,120,0.150,1.0000,0.0000
rf,0,300,120,0.160,1.0000,0.0000
rf,0,300,120,0.170,1.0000,0.0000
rf,0,300,120,0.180,1.0000,0.0000
rf,0,300,120,0.190,1.0000,0.0000
rf,0,300,120,0.200,1.0000,0.0000
rf,0,300,120,0.210,1.0000,0.0000
rf,0,300,120,0.220,1.0000,0.0000
rf,0,300,120,0.230,1.0000,0.0000
rf,0,300,120,0.240,1.0000,0.0000
rf,0,300,120,0.250,1.0000,0.0000
rf,0,300,120,0.260,1.0000,0.0000
rf,0,300,120,0.270,1.0000,0.0000
rf,0,300,120,0.280,1.0000,0.0000
rf,0,300,120,0.290,1.0000,0.0000
rf,0,300,120,0.300,1.0000,0.0000
rf,0,300,120,0.310,0.9839,0.0161
rf,0,300,120,0.320,0.9839,0.0161
rf,0,300,120,0.330,0.9839,0.0161
rf,0,300,120,0.340,0.9839,0.0161
rf,0,300,120,0.350,0.9677,0.0323
rf,0,300,120,0.360,0.9677,0.0323
rf,0,300,120,0.370,0.9677,0.0323
rf,0,300,120,0.380,0.9677,0.0323
rf,0,300,120,0.390,0.9677,0.0323
rf,0,300,120,0.400,0.9677,0.0323
rf,0,300,120,0.410,0.9516,0.0484
rf,0,300,120,0.420,0.9355,0.0645
rf,0,300,120,0.430,0.9355,0.0645
rf,0,300,120,0.440,0.9032,0.0968
rf,0,300,120,0.450,0.8871,0.1129
rf,0,300,120,0.460,0.8710,0.1290
rf,0,300,120,0.470,0.8710,0.1290
rf,0,300,120,0.480,0.8710,0.1290
rf,0,300,120,0.490,0.8710,0.1290
rf,0,300,120,0.500,0.8710,0.1290
rf,0,300,120,0.510,0.8548,0.1452
rf,0,300,120,0.520,0.8548,0.1452
rf,0,300,120,0.530,0.8226,0.1613
rf,0,300,120,0.540,0.8226,0.1613
rf,0,300,120,0.550,0.8226,0.1613
rf,0,300,120,0.560,0.7903,0.1935
rf,0,300,120,0.570,0.7903,0.1935
rf,0,300,120,0.580,0.7742,0.2097
rf,0,300,120,0.590,0.7742,0.2097
rf,0,300,120,0.600,0.7581,0.2097
rf,0,300,120,0.610,0.7258,0.2419
rf,0,300,120,0.620,0.6613,0.2903
rf,0,300,120,0.630,0.6613,0.2742
rf,0,300,120,0.640,0.6129,0.2903
rf,0,300,120,0.650,0.5968,0.2581
rf,0,300,120,0.660,0.5806,0.2258
rf,0,300,120,0.670,0.5484,0.2419
rf,0,300,120,0.680,0.4839,0.2742
rf,0,300,120,0.690,0.4516,0.2903
rf,0,300,120,0.700,0.3710,0.3226
rf,0,300,120,0.710,0.3387,0.3387
rf,0,300,120,0.720,0.3226,0.3065
rf,0,300,120,0.730,0.2581,0.2903
rf,0,300,120,0.740,0.2097,0.2742
rf,0,300,120,0.750,0.1935,0.2419
rf,0,300,120,0.760,0.1774,0.2097
rf,0,300,120,0.770,0.1613,0.1613
rf,0,300,120,0.780,0.1290,0.1774
rf,0,300,120,0.790,0.1129,0.1774
rf,0,300,120,0.800,0.1129,0.1129
rf,0,300,120,0.810,0.0968,0.0968
rf,0,300,120,0.820,0.0968,0.0806
rf,0,300,120,0.830,0.0806,0.0645
rf,0,300,120,0.840,0.0645,0.0645
rf,0,300,120,0.850,0.0645,0.0323
rf,0,300,120,0.860,0.0484,0.0161
rf,0,300,120,0.870,0.0484,0.0000
rf,0,300,120,0.880,0.0161,0.0000
rf,0,300,120,0.890,0.0000,0.0161
rf,0,300,120,0.900,0.0000,0.0000
rf,0,300,120,0.910,0.0000,0.0000
rf,0,300,120,0.920,0.0000,0.0000
rf,0,300,120,0.930,0.0000,0.0000
rf,0,300,120,0.940,0.0000,0.0000
rf,0,300,120,0.950,0.0000,0.0000
rf,0,300,120,0.960,0.0000,0.0000
rf,0,300,120,0.970,0.0000,0.0000
rf,0,300,120,0.980,0.0000,0.0000
rf,0,300,120,0.990,0.0000,0.0000
rf,0,300,120,1.000,0.0000,0.0000
rf,0,420,0,0.000,0.9032,0.0968
rf,0,420,0,0.010,0.9032,0.0968
rf,0,420,0,0.020,0.9032,0.0968
rf,0,420,0,0.030,0.9032,0.0968
rf,0,420,0,0.040,0.9032,0.0968
rf,0,420,0,0.050,0.9032,0.0968
rf,0,420,0,0.060,0.9032,0.0968
rf,0,420,0,0.070,0.9032,0.0968
rf,0,420,0,0.080,0.9032,0.0968
rf,0,420,0,0.090,0.9032,0.0968
rf,0,420,0,0.100,0.9032,0.0968
rf,0,420,0,0.110,0.9032,0.0968
rf,0,420,0,0.120,0.9032,0.0968
rf,0,420,0,0.130,0.9032,0.0968
rf,0,420,0,0.140,0.9032,0.0968
rf,0,420,0,0.150,0.9032,0.0968
rf,0,420,0,0.160,0.9032,0.0968
rf,0,420,0,0.170,0.9032,0.0968
rf,0,420,0,0.180,0.9032,0.0968
rf,0,420,0,0.190,0.9032,0.0968
rf,0,420,0,0.200,0.9032,0.0968
rf,0,420,0,0.210,0.9032,0.0968
rf,0,420,0,0.220,0.9032,0.0968
rf,0,420,0,0.230,0.9032,0.0968
rf,0,420,0,0.240,0.9032,0.0968
rf,0,420,0,0.250,0.9032,0.0968
rf,0,420,0,0.260,0.9032,0.0968
rf,0,420,0,0.270,0.9032,0.0968
rf,0,420,0,0.280,0.9032,0.0968
rf,0,420,0,0.290,0.9032,0.0968
rf,0,420,0,0.300,0.9032,0.0968
rf,0,420,0,0.310,0.9032,0.0968
rf,0,420,0,0.320,0.9032,0.0968
rf,0,420,0,0.330,0.9032,0.0968
rf,0,420,0,0.340,0.9032,0.0968
rf,0,420,0,0.350,0.9032,0.0968
rf,0,420,0,0.360,0.9032,0.0968
rf,0,420,0,0.370,0.9032,0.0968
rf,0,420,0,0.380,0.8871,0.1129
rf,0,420,0,0.390,0.8871,0.1129
rf,0,420,0,0.400,0.8710,0.1290
rf,0,420,0,0.410,0.8548,0.1452
rf,0,420,0,0.420,0.8548,0.1452
rf,0,420,0,0.430,0.8548,0.1452
rf,0,420,0,0.440,0.8548,0.1452
rf,0,420,0,0.450,0.8548,0.1452
rf,0,420,0,0.460,0.8387,0.1613
rf,0,420,0,0.470,0.8387,0.1613
rf,0,420,0,0.480,0.8387,0.1613
rf,0,420,0,0.490,0.8226,0.1774
rf,0,420,0,0.500,0.8226,0.1774
rf,0,420,0,0.510,0.8065,0.1935
rf,0,420,0,0.520,0.7903,0.2097
rf,0,420,0,0.530,0.7742,0.1935
rf,0,420,0,0.540,0.7581,0.2097
rf,0,420,0,0.550,0.7419,0.2258
rf,0,420,0,0.560,0.6935,0.2581
rf,0,420,0,0.570,0.6935,0.2581
rf,0,420,0,0.580,0.6935,0.2419
rf,0,420,0,0.590,0.6935,0.2419
rf,0,420,0,0.600,0.6774,0.2419
rf,0,420,0,0.610,0.6613,0.2419
rf,0,420,0,0.620,0.5806,0.2903
rf,0,420,0,0.630,0.5806,0.2903
rf,0,420,0,0.640,0.5484,0.2742
rf,0,420,0,0.650,0.5323,0.2581
rf,0,420,0,0.660,0.5161,0.2258
rf,0,420,0,0.670,0.4355,0.2903
rf,0,420,0,0.680,0.4194,0.2581
rf,0,420,0,0.690,0.3548,0.2742
rf,0,420,0,0.700,0.3065,0.3065
rf,0,420,0,0.710,0.2742,0.2903
rf,0,420,0,0.720,0.2581,0.2903
rf,0,420,0,0.730,0.1935,0.2419
rf,0,420,0,0.740,0.1613,0.2258
rf,0,420,0,0.750,0.1452,0.2097
rf,0,420,0,0.760,0.1290,0.1774
rf,0,420,0,0.770,0.0968,0.1774
rf,0,420,0,0.780,0.0806,0.1774
rf,0,420,0,0.790,0.0806,0.1452
rf,0,420,0,0.800,0.0806,0.1129
rf,0,420,0,0.810,0.0645,0.0968
rf,0,420,0,0.820,0.0484,0.1129
rf,0,420,0,0.830,0.0484,0.0968
rf,0,420,0,0.840,0.0484,0.0806
rf,0,420,0,0.850,0.0484,0.0484
rf,0,420,0,0.860,0.0484,0.0161
rf,0,420,0,0.870,0.0484,0.0000
rf,0,420,0,0.880,0.0161,0.0000
rf,0,420,0,0.890,0.0000,0.0000
rf,0,420,0,0.900,0.0000,0.0000
rf,0,420,0,0.910,0.0000,0.0000
rf,0,420,0,0.920,0.0000,0.0000
rf,0,420,0,0.930,0.0000,0.0000
rf,0,420,0,0.940,0.0000,0.0000
rf,0,420,0,0.950,0.0000,0.0000
rf,0,420,0,0.960,0.0000,0.0000
rf,0,420,0,0.970,0.0000,0.0000
rf,0,420,0,0.980,0.0000,0.0000
rf,0,420,0,0.990,0.0000,0.0000
rf,0,420,0,1.000,0.0000,0.0000
rf,0,420,30,0.000,0.9032,0.0968
rf,0,420,30,0.010,0.9032,0.0968
rf,0,420,30,0.020,0.9032,0.0968
rf,0,420,30,0.030,0.9032,0.0968
rf,0,420,30,0.040,0.9032,0.0968
rf,0,420,30,0.050,0.9032,0.0968
rf,0,420,30,0.060,0.9032,0.0968
rf,0,420,30,0.070,0.9032,0.0968
rf,0,420,30,0.080,0.9032,0.0968
rf,0,420,30,0.090,0.9032,0.0968
rf,0,420,30,0.100,0.9032,0.0968
rf,0,420,30,0.110,0.9032,0.0968
rf,0,420,30,0.120,0.9032,0.0968
rf,0,420,30,0.130,0.9032,0.0968
rf,0,420,30,0.140,0.9032,0.0968
rf,0,420,30,0.150,0.9032,0.0968
rf,0,420,30,0.160,0.9032,0.0968
rf,0,420,30,0.170,0.9032,0.0968
rf,0,420,30,0.180,0.9032,0.0968
rf,0,420,30,0.190,0.9032,0.0968
rf,0,420,30,0.200,0.9032,0.0968
rf,0,420,30,0.210,0.9032,0.0968
rf,0,420,30,0.220,0.9032,0.0968
rf,0,420,30,0.230,0.9032,0.0968
rf,0,420,30,0.240,0.9032,0.0968
rf,0,420,30,0.250,0.9032,0.0968
rf,0,420,30,0.260,0.9032,0.0968
rf,0,420,30,0.270,0.9032,0.0968
rf,0,420,30,0.280,0.9032,0.0968
rf,0,420,30,0.290,0.9032,0.0968
rf,0,420,30,0.300,0.9032,0.0968
rf,0,420,30,0.310,0.9032,0.0968
rf,0,420,30,0.320,0.9032,0.0968
rf,0,420,30,0.330,0.9032,0.0968
rf,0,420,30,0.340,0.9032,0.0968
rf,0,420,30,0.350,0.9032,0.0968
rf,0,420,30,0.360,0.9032,0.0968
rf,0,420,30,0.370,0.9032,0.0968
rf,0,420,30,0.380,0.8871,0.1129
rf,0,420,30,0.390,0.8871,0.1129
rf,0,420,30,0.400,0.8710,0.1290
rf,0,420,30,0.410,0.8548,0.1452
rf,0,420,30,0.420,0.8548,0.1452
rf,0,420,30,0.430,0.8548,0.1452
rf,0,420,30,0.440,0.8548,0.1452
rf,0,420,30,0.450,0.8548,0.1452
rf,0,420,30,0.460,0.8387,0.1613
rf,0,420,30,0.470,0.8387,0.1613
rf,0,420,30,0.480,0.8387,0.1613
rf,0,420,30,0.490,0.8226,0.1774
rf,0,420,30,0.500,0.8226,0.1774
rf,0,420,30,0.510,0.8065,0.1935
rf,0,420,30,0.520,0.7903,0.2097
rf,0,420,30,0.530,0.7742,0.1935
rf,0,420,30,0.540,0.7581,0.2097
rf,0,420,30,0.550,0.7419,0.2258
rf,0,420,30,0.560,0.6935,0.2581
rf,0,420,30,0.570,0.6935,0.2581
rf,0,420,30,0.580,0.6935,0.2419
rf,0,420,30,0.590,0.6935,0.2419
rf,0,420,30,0.600,0.6774,0.2419
rf,0,420,30,0.610,0.6613,0.2581
rf,0,420,30,0.620,0.5806,0.3065
rf,0,420,30,0.630,0.5806,0.3065
rf,0,420,30,0.640,0.5484,0.2903
rf,0,420,30,0.650,0.5323,0.2742
rf,0,420,30,0.660,0.5161,0.2419
rf,0,420,30,0.670,0.4355,0.3065
rf,0,420,30,0.680,0.4194,0.2742
rf,0,420,30,0.690,0.3548,0.2903
rf,0,420,30,0.700,0.3065,0.3226
rf,0,420,30,0.710,0.2742,0.3065
rf,0,420,30,0.720,0.2581,0.3065
rf,0,420,30,0.730,0.1935,0.2742
rf,0,420,30,0.740,0.1613,0.2581
rf,0,420,30,0.750,0.1452,0.2419
rf,0,420,30,0.760,0.1290,0.2097
rf,0,420,30,0.770,0.0968,0.2097
rf,0,420,30,0.780,0.0806,0.2097
rf,0,420,30,0.790,0.0806,0.1774
rf,0,420,30,0.800,0.0806,0.1290
rf,0,420,30,0.810,0.0645,0.1129
rf,0,420,30,0.820,0.0484,0.1129
rf,0,420,30,0.830,0.0484,0.0968
rf,0,420,30,0.840,0.0484,0.0806
rf,0,420,30,0.850,0.0484,0.0484
rf,0,420,30,0.860,0.0484,0.0161
rf,0,420,30,0.870,0.0484,0.0000
rf,0,420,30,0.880,0.0161,0.0000
rf,0,420,30,0.890,0.0000,0.0000
rf,0,420,30,0.900,0.0000,0.0000
rf,0,420,30,0.910,0.0000,0.0000
rf,0,420,30,0.920,0.0000,0.0000
rf,0,420,30,0.930,0.0000,0.0000
rf,0,420,30,0.940,0.0000,0.0000
rf,0,420,30,0.950,0.0000,0.0000
rf,0,420,30,0.960,0.0000,0.0000
rf,0,420,30,0.970,0.0000,0.0000
rf,0,420,30,0.980,0.0000,0.0000
rf,0,420,30,0.990,0.0000,0.0000
rf,0,420,30,1.000,0.0000,0.0000
rf,0,420,60,0.000,0.9032,0.0968
rf,0,420,60,0.010,0.9032,0.0968
rf,0,420,60,0.020,0.9032,0.0968
rf,0,420,60,0.030,0.9032,0.0968
rf,0,420,60,0.040,0.9032,0.0968
rf,0,420,60,0.050,0.9032,0.0968
rf,0,420,60,0.060,0.9032,0.0968
rf,0,420,60,0.070,0.9032,0.0968
rf,0,420,60,0.080,0.9032,0.0968
rf,0,420,60,0.090,0.9032,0.0968
rf,0,420,60,0.100,0.9032,0.0968
rf,0,420,60,0.110,0.9032,0.0968
rf,0,420,60,0.120,0.9032,0.0968
rf,0,420,60,0.130,0.9032,0.0968
rf,0,420,60,0.140,0.9032,0.0968
rf,0,420,60,0.150,0.9032,0.0968
rf,0,420,60,0.160,0.9032,0.0968
rf,0,420,60,0.170,0.9032,0.0968
rf,0,420,60,0.180,0.9032,0.0968
rf,0,420,60,0.190,0.9032,0.0968
rf,0,420,60,0.200,0.9032,0.0968
rf,0,420,60,0.210,0.9032,0.0968
rf,0,420,60,0.220,0.9032,0.0968
rf,0,420,60,0.230,0.9032,0.0968
rf,0,420,60,0.240,0.9032,0.0968
rf,0,420,60,0.250,0.9032,0.0968
rf,0,420,60,0.260,0.9032,0.0968
rf,0,420,60,0.270,0.9032,0.0968
rf,0,420,60,0.280,0.9032,0.0968
rf,0,420,60,0.290,0.9032,0.0968
rf,0,420,60,0.300,0.9032,0.0968
rf,0,420,60,0.310,0.9032,0.0968
rf,0,420,60,0.320,0.9032,0.0968
rf,0,420,60,0.330,0.9032,0.0968
rf,0,420,60,0.340,0.9032,0.0968
rf,0,420,60,0.350,0.9032,0.0968
rf,0,420,60,0.360,0.9032,0.0968
rf,0,420,60,0.370,0.9032,0.0968
rf,0,420,60,0.380,0.8871,0.1129
rf,0,420,60,0.390,0.8871,0.1129
rf,0,420,60,0.400,0.8710,0.1290
rf,0,420,60,0.410,0.8548,0.1452
rf,0,420,60,0.420,0.8548,0.1452
rf,0,420,60,0.430,0.8548,0.1452
rf,0,420,60,0.440,0.8548,0.1452
rf,0,420,60,0.450,0.8548,0.1452
rf,0,420,60,0.460,0.8387,0.1613
rf,0,420,60,0.470,0.8387,0.1613
rf,0,420,60,0.480,0.8387,0.1613
rf,0,420,60,0.490,0.8226,0.1774
rf,0,420,60,0.500,0.8226,0.1774
rf,0,420,60,0.510,0.8065,0.1935
rf,0,420,60,0.520,0.7903,0.2097
rf,0,420,60,0.530,0.7742,0.1935
rf,0,420,60,0.540,0.7581,0.2097
rf,0,420,60,0.550,0.7419,0.2258
rf,0,420,60,0.560,0.6935,0.2581
rf,0,420,60,0.570,0.6935,0.2581
rf,0,420,60,0.580,0.6935,0.2419
rf,0,420,60,0.590,0.6935,0.2419
rf,0,420,60,0.600,0.6774,0.2419
rf,0,420,60,0.610,0.6613,0.2581
rf,0,420,60,0.620,0.5806,0.3226
rf,0,420,60,0.630,0.5806,0.3226
rf,0,420,60,0.640,0.5484,0.3226
rf,0,420,60,0.650,0.5323,0.2903
rf,0,420,60,0.660,0.5161,0.2581
rf,0,420,60,0.670,0.4355,0.3226
rf,0,420,60,0.680,0.4194,0.2903
rf,0,420,60,0.690,0.3548,0.3387
rf,0,420,60,0.700,0.3065,0.3548
rf,0,420,60,0.710,0.2742,0.3387
rf,0,420,60,0.720,0.2581,0.3226
rf,0,420,60,0.730,0.1935,0.2903
rf,0,420,60,0.740,0.1613,0.2742
rf,0,420,60,0.750,0.1452,0.2581
rf,0,420,60,0.760,0.1290,0.2258
rf,0,420,60,0.770,0.0968,0.2097
rf,0,420,60,0.780,0.0806,0.2097
rf,0,420,60,0.790,0.0806,0.1774
rf,0,420,60,0.800,0.0806,0.1290
rf,0,420,60,0.810,0.0645,0.1129
rf,0,420,60,0.820,0.0484,0.1129
rf,0,420,60,0.830,0.0484,0.0968
rf,0,420,60,0.840,0.0484,0.0806
rf,0,420,60,0.850,0.0484,0.0484
rf,0,420,60,0.860,0.0484,0.0161
rf,0,420,60,0.870,0.0484,0.0000
rf,0,420,60,0.880,0.0161,0.0000
rf,0,420,60,0.890,0.0000,0.0161
rf,0,420,60,0.900,0.0000,0.0000
rf,0,420,60,0.910,0.0000,0.0000
rf,0,420,60,0.920,0.0000,0.0000
rf,0,420,60,0.930,0.0000,0.0000
rf,0,420,60,0.940,0.0000,0.0000
rf,0,420,60,0.950,0.0000,0.0000
rf,0,420,60,0.960,0.0000,0.0000
rf,0,420,60,0.970,0.0000,0.0000
rf,0,420,60,0.980,0.0000,0.0000
rf,0,420,60,0.990,0.0000,0.0000
rf,0,420,60,1.000,0.0000,0.0000
rf,0,420,120,0.000,0.9032,0.0968
rf,0,420,120,0.010,0.9032,0.0968
rf,0,420,120,0.020,0.9032,0.0968
rf,0,420,120,0.030,0.9032,0.0968
rf,0,420,120,0.040,0.9032,0.0968
rf,0,420,120,0.050,0.9032,0.0968
rf,0,420,120,0.060,0.9032,0.0968
rf,0,420,120,0.070,0.9032,0.0968
rf,0,420,120,0.080,0.9032,0.0968
rf,0,420,120,0.090,0.9032,0.0968
rf,0,420,120,0.100,0.9032,0.0968
rf,0,420,120,0.110,0.9032,0.0968
rf,0,420,120,0.120,0.9032,0.0968
rf,0,420,120,0.130,0.9032,0.0968
rf,0,420,120,0.140,0.9032,0.0968
rf,0,420,120,0.150,0.9032,0.0968
rf,0,420,120,0.160,0.9032,0.0968
rf,0,420,120,0.170,0.9032,0.0968
rf,0,420,120,0.180,0.9032,0.0968
rf,0,420,120,0.190,0.9032,0.0968
rf,0,420,120,0.200,0.9032,0.0968
rf,0,420,120,0.210,0.9032,0.0968
rf,0,420,120,0.220,0.9032,0.0968
rf,0,420,120,0.230,0.9032,0.0968
rf,0,420,120,0.240,0.9032,0.0968
rf,0,420,120,0.250,0.9032,0.0968
rf,0,420,120,0.260,0.9032,0.0968
rf,0,420,120,0.270,0.9032,0.0968
rf,0,420,120,0.280,0.9032,0.0968
rf,0,420,120,0.290,0.9032,0.0968
rf,0,420,120,0.300,0.9032,0.0968
rf,0,420,120,0.310,0.9032,0.0968
rf,0,420,120,0.320,0.9032,0.0968
rf,0,420,120,0.330,0.9032,0.0968
rf,0,420,120,0.340,0.9032,0.0968
rf,0,420,120,0.350,0.9032,0.0968
rf,0,420,120,0.360,0.9032,0.0968
rf,0,420,120,0.370,0.9032,0.0968
rf,0,420,120,0.380,0.8871,0.1129
rf,0,420,120,0.390,0.8871,0.1129
rf,0,420,120,0.400,0.8710,0.1290
rf,0,420,120,0.410,0.8548,0.1452
rf,0,420,120,0.420,0.8548,0.1452
rf,0,420,120,0.430,0.8548,0.1452
rf,0,420,120,0.440,0.8548,0.1452
rf,0,420,120,0.450,0.8548,0.1452
rf,0,420,120,0.460,0.8387,0.1613
rf,0,420,120,0.470,0.8387,0.1613
rf,0,420,120,0.480,0.8387,0.1613
rf,0,420,120,0.490,0.8226,0.1774
rf,0,420,120,0.500,0.8226,0.1774
rf,0,420,120,0.510,0.8065,0.1935
rf,0,420,120,0.520,0.7903,0.2097
rf,0,420,120,0.530,0.7742,0.2097
rf,0,420,120,0.540,0.7581,0.2258
rf,0,420,120,0.550,0.7419,0.2419
rf,0,420,120,0.560,0.6935,0.2903
rf,0,420,120,0.570,0.6935,0.2903
rf,0,420,120,0.580,0.6935,0.2903
rf,0,420,120,0.590,0.6935,0.2903
rf,0,420,120,0.600,0.6774,0.2903
rf,0,420,120,0.610,0.6613,0.3065
rf,0,420,120,0.620,0.5806,0.3710
rf,0,420,120,0.630,0.5806,0.3548
rf,0,420,120,0.640,0.5484,0.3548
rf,0,420,120,0.650,0.5323,0.3226
rf,0,420,120,0.660,0.5161,0.2903
rf,0,420,120,0.670,0.4355,0.3548
rf,0,420,120,0.680,0.4194,0.3387
rf,0,420,120,0.690,0.3548,0.3871
rf,0,420,120,0.700,0.3065,0.3871
rf,0,420,120,0.710,0.2742,0.4032
rf,0,420,120,0.720,0.2581,0.3710
rf,0,420,120,0.730,0.1935,0.3548
rf,0,420,120,0.740,0.1613,0.3226
rf,0,420,120,0.750,0.1452,0.2903
rf,0,420,120,0.760,0.1290,0.2581
rf,0,420,120,0.770,0.0968,0.2258
rf,0,420,120,0.780,0.0806,0.2258
rf,0,420,120,0.790,0.0806,0.2097
rf,0,420,120,0.800,0.0806,0.1452
rf,0,420,120,0.810,0.0645,0.1290
rf,0,420,120,0.820,0.0484,0.1290
rf,0,420,120,0.830,0.0484,0.0968
rf,0,420,120,0.840,0.0484,0.0806
rf,0,420,120,0.850,0.0484,0.0484
rf,0,420,120,0.860,0.0484,0.0161
rf,0,420,120,0.870,0.0484,0.0000
rf,0,420,120,0.880,0.0161,0.0000
rf,0,420,120,0.890,0.0000,0.0161
rf,0,420,120,0.900,0.0000,0.0000
rf,0,420,120,0.910,0.0000,0.0000
rf,0,420,120,0.920,0.0000,0.0000
rf,0,420,120,0.930,0.0000,0.0000
rf,0,420,120,0.940,0.0000,0.0000
rf,0,420,120,0.950,0.0000,0.0000
rf,0,420,120,0.960,0.0000,0.0000
rf,0,420,120,0.970,0.0000,0.0000
rf,0,420,120,0.980,0.0000,0.0000
rf,0,420,120,0.990,0.0000,0.0000
rf,0,420,120,1.000,0.0000,0.0000
rf,30,180,0,0.000,1.0000,0.0000
rf,30,180,0,0.010,1.0000,0.0000
rf,30,180,0,0.020,1.0000,0.0000
rf,30,180,0,0.030,1.0000,0.0000
rf,30,180,0,0.040,1.0000,0.0000
rf,30,180,0,0.050,1.0000,0.0000
rf,30,180,0,0.060,1.0000,0.0000
rf,30,180,0,0.070,1.0000,0.0000
rf,30,180,0,0.080,1.0000,0.0000
rf,30,180,0,0.090,1.0000,0.0000
rf,30,180,0,0.100,1.0000,0.0000
rf,30,180,0,0.110,1.0000,0.0000
rf,30,180,0,0.120,1.0000,0.0000
rf,30,180,0,0.130,1.0000,0.0000
rf,30,180,0,0.140,1.0000,0.0000
rf,30,180,0,0.150,1.0000,0.0000
rf,30,180,0,0.160,1.0000,0.0000
rf,30,180,0,0.170,1.0000,0.0000
rf,30,180,0,0.180,1.0000,0.0000
rf,30,180,0,0.190,1.0000,0.0000
rf,30,180,0,0.200,1.0000,0.0000
rf,30,180,0,0.210,1.0000,0.0000
rf,30,180,0,0.220,1.0000,0.0000
rf,30,180,0,0.230,1.0000,0.0000
rf,30,180,0,0.240,1.0000,0.0000
rf,30,180,0,0.250,1.0000,0.0000
rf,30,180,0,0.260,1.0000,0.0000
rf,30,180,0,0.270,1.0000,0.0000
rf,30,180,0,0.280,1.0000,0.0000
rf,30,180,0,0.290,1.0000,0.0000
rf,30,180,0,0.300,1.0000,0.0000
rf,30,180,0,0.310,1.0000,0.0000
rf,30,180,0,0.320,1.0000,0.0000
rf,30,180,0,0.330,1.0000,0.0000
rf,30,180,0,0.340,0.9839,0.0000
rf,30,180,0,0.350,0.9677,0.0161
rf,30,180,0,0.360,0.9677,0.0161
rf,30,180,0,0.370,0.9677,0.0161
rf,30,180,0,0.380,0.9516,0.0323
rf,30,180,0,0.390,0.9516,0.0323
rf,30,180,0,0.400,0.9355,0.0484
rf,30,180,0,0.410,0.9194,0.0323
rf,30,180,0,0.420,0.8710,0.0484
rf,30,180,0,0.430,0.8548,0.0645
rf,30,180,0,0.440,0.8548,0.0484
rf,30,180,0,0.450,0.8387,0.0645
rf,30,180,0,0.460,0.8387,0.0645
rf,30,180,0,0.470,0.8065,0.0806
rf,30,180,0,0.480,0.7903,0.0645
rf,30,180,0,0.490,0.7581,0.0645
rf,30,180,0,0.500,0.7097,0.0806
rf,30,180,0,0.510,0.6935,0.0806
rf,30,180,0,0.520,0.6935,0.0806
rf,30,180,0,0.530,0.6935,0.0806
rf,30,180,0,0.540,0.6935,0.0645
rf,30,180,0,0.550,0.6452,0.0806
rf,30,180,0,0.560,0.6290,0.0968
rf,30,180,0,0.570,0.5806,0.1129
rf,30,180,0,0.580,0.5323,0.1129
rf,30,180,0,0.590,0.5161,0.1129
rf,30,180,0,0.600,0.5161,0.1129
rf,30,180,0,0.610,0.5000,0.0968
rf,30,180,0,0.620,0.4839,0.0645
rf,30,180,0,0.630,0.4516,0.0484
rf,30,180,0,0.640,0.4355,0.0484
rf,30,180,0,0.650,0.3871,0.0806
rf,30,180,0,0.660,0.3548,0.0968
rf,30,180,0,0.670,0.3387,0.0806
rf,30,180,0,0.680,0.3387,0.0484
rf,30,180,0,0.690,0.2581,0.0484
rf,30,180,0,0.700,0.2258,0.0806
rf,30,180,0,0.710,0.1613,0.0645
rf,30,180,0,0.720,0.1290,0.0806
rf,30,180,0,0.730,0.1129,0.0484
rf,30,180,0,0.740,0.0968,0.0484
rf,30,180,0,0.750,0.0806,0.0484
rf,30,180,0,0.760,0.0806,0.0323
rf,30,180,0,0.770,0.0645,0.0323
rf,30,180,0,0.780,0.0645,0.0323
rf,30,180,0,0.790,0.0484,0.0161
rf,30,180,0,0.800,0.0484,0.0161
rf,30,180,0,0.810,0.0323,0.0000
rf,30,180,0,0.820,0.0323,0.0000
rf,30,180,0,0.830,0.0161,0.0000
rf,30,180,0,0.840,0.0000,0.0000
rf,30,180,0,0.850,0.0000,0.0000
rf,30,180,0,0.860,0.0000,0.0000
rf,30,180,0,0.870,0.0000,0.0000
rf,30,180,0,0.880,0.0000,0.0000
rf,30,180,0,0.890,0.0000,0.0000
rf,30,180,0,0.900,0.0000,0.0000
rf,30,180,0,0.910,0.0000,0.0000
rf,30,180,0,0.920,0.0000,0.0000
rf,30,180,0,0.930,0.0000,0.0000
rf,30,180,0,0.940,0.0000,0.0000
rf,30,180,0,0.950,0.0000,0.0000
rf,30,180,0,0.960,0.0000,0.0000
rf,30,180,0,0.970,0.0000,0.0000
rf,30,180,0,0.980,0.0000,0.0000
rf,30,180,0,0.990,0.0000,0.0000
rf,30,180,0,1.000,0.0000,0.0000
rf,30,180,30,0.000,1.0000,0.0000
rf,30,180,30,0.010,1.0000,0.0000
rf,30,180,30,0.020,1.0000,0.0000
rf,30,180,30,0.030,1.0000,0.0000
rf,30,180,30,0.040,1.0000,0.0000
rf,30,180,30,0.050,1.0000,0.0000
rf,30,180,30,0.060,1.0000,0.0000
rf,30,180,30,0.070,1.0000,0.0000
rf,30,180,30,0.080,1.0000,0.0000
rf,30,180,30,0.090,1.0000,0.0000
rf,30,180,30,0.100,1.0000,0.0000
rf,30,180,30,0.110,1.0000,0.0000
rf,30,180,30,0.120,1.0000,0.0000
rf,30,180,30,0.130,1.0000,0.0000
rf,30,180,30,0.140,1.0000,0.0000
rf,30,180,30,0.150,1.0000,0.0000
rf,30,180,30,0.160,1.0000,0.0000
rf,30,180,30,0.170,1.0000,0.0000
rf,30,180,30,0.180,1.0000,0.0000
rf,30,180,30,0.190,1.0000,0.0000
rf,30,180,30,0.200,1.0000,0.0000
rf,30,180,30,0.210,1.0000,0.0000
rf,30,180,30,0.220,1.0000,0.0000
rf,30,180,30,0.230,1.0000,0.0000
rf,30,180,30,0.240,1.0000,0.0000
rf,30,180,30,0.250,1.0000,0.0000
rf,30,180,30,0.260,1.0000,0.0000
rf,30,180,30,0.270,1.0000,0.0000
rf,30,180,30,0.280,1.0000,0.0000
rf,30,180,30,0.290,1.0000,0.0000
rf,30,180,30,0.300,1.0000,0.0000
rf,30,180,30,0.310,1.0000,0.0000
rf,30,180,30,0.320,1.0000,0.0000
rf,30,180,30,0.330,1.0000,0.0000
rf,30,180,30,0.340,0.9839,0.0000
rf,30,180,30,0.350,0.9677,0.0161
rf,30,180,30,0.360,0.9677,0.0161
rf,30,180,30,0.370,0.9677,0.0161
rf,30,180,30,0.380,0.9516,0.0323
rf,30,180,30,0.390,0.9516,0.0323
rf,30,180,30,0.400,0.9355,0.0484
rf,30,180,30,0.410,0.9194,0.0484
rf,30,180,30,0.420,0.8710,0.0645
rf,30,180,30,0.430,0.8548,0.0806
rf,30,180,30,0.440,0.8548,0.0645
rf,30,180,30,0.450,0.8387,0.0645
rf,30,180,30,0.460,0.8387,0.0645
rf,30,180,30,0.470,0.8065,0.0806
rf,30,180,30,0.480,0.7903,0.0645
rf,30,180,30,0.490,0.7581,0.0645
rf,30,180,30,0.500,0.7097,0.0806
rf,30,180,30,0.510,0.6935,0.0806
rf,30,180,30,0.520,0.6935,0.0806
rf,30,180,30,0.530,0.6935,0.0806
rf,30,180,30,0.540,0.6935,0.0645
rf,30,180,30,0.550,0.6452,0.0806
rf,30,180,30,0.560,0.6290,0.0968
rf,30,180,30,0.570,0.5806,0.1290
rf,30,180,30,0.580,0.5323,0.1290
rf,30,180,30,0.590,0.5161,0.1452
rf,30,180,30,0.600,0.5161,0.1452
rf,30,180,30,0.610,0.5000,0.1290
rf,30,180,30,0.620,0.4839,0.0968
rf,30,180,30,0.630,0.4516,0.0806
rf,30,180,30,0.640,0.4355,0.0645
rf,30,180,30,0.650,0.3871,0.0806
rf,30,180,30,0.660,0.3548,0.0968
rf,30,180,30,0.670,0.3387,0.0806
rf,30,180,30,0.680,0.3387,0.0484
rf,30,180,30,0.690,0.2581,0.0484
rf,30,180,30,0.700,0.2258,0.0806
rf,30,180,30,0.710,0.1613,0.0645
rf,30,180,30,0.720,0.1290,0.0806
rf,30,180,30,0.730,0.1129,0.0645
rf,30,180,30,0.740,0.0968,0.0645
rf,30,180,30,0.750,0.0806,0.0645
rf,30,180,30,0.760,0.0806,0.0484
rf,30,180,30,0.770,0.0645,0.0484
rf,30,180,30,0.780,0.0645,0.0323
rf,30,180,30,0.790,0.0484,0.0161
rf,30,180,30,0.800,0.0484,0.0161
rf,30,180,30,0.810,0.0323,0.0000
rf,30,180,30,0.820,0.0323,0.0000
rf,30,180,30,0.830,0.0161,0.0000
rf,30,180,30,0.840,0.0000,0.0000
rf,30,180,30,0.850,0.0000,0.0000
rf,30,180,30,0.860,0.0000,0.0000
rf,30,180,30,0.870,0.0000,0.0000
rf,30,180,30,0.880,0.0000,0.0000
rf,30,180,30,0.890,0.0000,0.0000
rf,30,180,30,0.900,0.0000,0.0000
rf,30,180,30,0.910,0.0000,0.0000
rf,30,180,30,0.920,0.0000,0.0000
rf,30,180,30,0.930,0.0000,0.0000
rf,30,180,30,0.940,0.0000,0.0000
rf,30,180,30,0.950,0.0000,0.0000
rf,30,180,30,0.960,0.0000,0.0000
rf,30,180,30,0.970,0.0000,0.0000
rf,30,180,30,0.980,0.0000,0.0000
rf,30,180,30,0.990,0.0000,0.0000
rf,30,180,30,1.000,0.0000,0.0000
rf,30,180,60,0.000,1.0000,0.0000
rf,30,180,60,0.010,1.0000,0.0000
rf,30,180,60,0.020,1.0000,0.0000
rf,30,180,60,0.030,1.0000,0.0000
rf,30,180,60,0.040,1.0000,0.0000
rf,30,180,60,0.050,1.0000,0.0000
rf,30,180,60,0.060,1.0000,0.0000
rf,30,180,60,0.070,1.0000,0.0000
rf,30,180,60,0.080,1.0000,0.0000
rf,30,180,60,0.090,1.0000,0.0000
rf,30,180,60,0.100,1.0000,0.0000
rf,30,180,60,0.110,1.0000,0.0000
rf,30,180,60,0.120,1.0000,0.0000
rf,30,180,60,0.130,1.0000,0.0000
rf,30,180,60,0.140,1.0000,0.0000
rf,30,180,60,0.150,1.0000,0.0000
rf,30,180,60,0.160,1.0000,0.0000
rf,30,180,60,0.170,1.0000,0.0000
rf,30,180,60,0.180,1.0000,0.0000
rf,30,180,60,0.190,1.0000,0.0000
rf,30,180,60,0.200,1.0000,0.0000
rf,30,180,60,0.210,1.0000,0.0000
rf,30,180,60,0.220,1.0000,0.0000
rf,30,180,60,0.230,1.0000,0.0000
rf,30,180,60,0.240,1.0000,0.0000
rf,30,180,60,0.250,1.0000,0.0000
rf,30,180,60,0.260,1.0000,0.0000
rf,30,180,60,0.270,1.0000,0.0000
rf,30,180,60,0.280,1.0000,0.0000
rf,30,180,60,0.290,1.0000,0.0000
rf,30,180,60,0.300,1.0000,0.0000
rf,30,180,60,0.310,1.0000,0.0000
rf,30,180,60,0.320,1.0000,0.0000
rf,30,180,60,0.330,1.0000,0.0000
rf,30,180,60,0.340,0.9839,0.0000
rf,30,180,60,0.350,0.9677,0.0161
rf,30,180,60,0.360,0.9677,0.0161
rf,30,180,60,0.370,0.9677,0.0161
rf,30,180,60,0.380,0.9516,0.0323
rf,30,180,60,0.390,0.9516,0.0323
rf,30,180,60,0.400,0.9355,0.0484
rf,30,180,60,0.410,0.9194,0.0484
rf,30,180,60,0.420,0.8710,0.0645
rf,30,180,60,0.430,0.8548,0.0806
rf,30,180,60,0.440,0.8548,0.0645
rf,30,180,60,0.450,0.8387,0.0806
rf,30,180,60,0.460,0.8387,0.0806
rf,30,180,60,0.470,0.8065,0.0968
rf,30,180,60,0.480,0.7903,0.0968
rf,30,180,60,0.490,0.7581,0.0968
rf,30,180,60,0.500,0.7097,0.1290
rf,30,180,60,0.510,0.6935,0.1290
rf,30,180,60,0.520,0.6935,0.1290
rf,30,180,60,0.530,0.6935,0.1129
rf,30,180,60,0.540,0.6935,0.0968
rf,30,180,60,0.550,0.6452,0.1129
rf,30,180,60,0.560,0.6290,0.1290
rf,30,180,60,0.570,0.5806,0.1452
rf,30,180,60,0.580,0.5323,0.1290
rf,30,180,60,0.590,0.5161,0.1452
rf,30,180,60,0.600,0.5161,0.1452
rf,30,180,60,0.610,0.5000,0.1290
rf,30,180,60,0.620,0.4839,0.0968
rf,30,180,60,0.630,0.4516,0.0806
rf,30,180,60,0.640,0.4355,0.0806
rf,30,180,60,0.650,0.3871,0.0968
rf,30,180,60,0.660,0.3548,0.0968
rf,30,180,60,0.670,0.3387,0.0806
rf,30,180,60,0.680,0.3387,0.0484
rf,30,180,60,0.690,0.2581,0.0484
rf,30,180,60,0.700,0.2258,0.0806
rf,30,180,60,0.710,0.1613,0.0645
rf,30,180,60,0.720,0.1290,0.0806
rf,30,180,60,0.730,0.1129,0.0645
rf,30,180,60,0.740,0.0968,0.0645
rf,30,180,60,0.750,0.0806,0.0645
rf,30,180,60,0.760,0.0806,0.0484
rf,30,180,60,0.770,0.0645,0.0484
rf,30,180,60,0.780,0.0645,0.0323
rf,30,180,60,0.790,0.0484,0.0161
rf,30,180,60,0.800,0.0484,0.0161
rf,30,180,60,0.810,0.0323,0.0000
rf,30,180,60,0.820,0.0323,0.0000
rf,30,180,60,0.830,0.0161,0.0000
rf,30,180,60,0.840,0.0000,0.0000
rf,30,180,60,0.850,0.0000,0.0000
rf,30,180,60,0.860,0.0000,0.0000
rf,30,180,60,0.870,0.0000,0.0000
rf,30,180,60,0.880,0.0000,0.0000
rf,30,180,60,0.890,0.0000,0.0000
rf,30,180,60,0.900,0.0000,0.0000
rf,30,180,60,0.910,0.0000,0.0000
rf,30,180,60,0.920,0.0000,0.0000
rf,30,180,60,0.930,0.0000,0.0000
rf,30,180,60,0.940,0.0000,0.0000
rf,30,180,60,0.950,0.0000,0.0000
rf,30,180,60,0.960,0.0000,0.0000
rf,30,180,60,0.970,0.0000,0.0000
rf,30,180,60,0.980,0.0000,0.0000
rf,30,180,60,0.990,0.0000,0.0000
rf,30,180,60,1.000,0.0000,0.0000
rf,30,180,120,0.000,1.0000,0.0000
rf,30,180,120,0.010,1.0000,0.0000
rf,30,180,120,0.020,1.0000,0.0000
rf,30,180,120,0.030,1.0000,0.0000
rf,30,180,120,0.040,1.0000,0.0000
rf,30,180,120,0.050,1.0000,0.0000
rf,30,180,120,0.060,1.0000,0.0000
rf,30,180,120,0.070,1.0000,0.0000
rf,30,180,120,0.080,1.0000,0.0000
rf,30,180,120,0.090,1.0000,0.0000
rf,30,180,120,0.100,1.0000,0.0000
rf,30,180,120,0.110,1.0000,0.0000
rf,30,180,120,0.120,1.0000,0.0000
rf,30,180,120,0.130,1.0000,0.0000
rf,30,180,120,0.140,1.0000,0.0000
rf,30,180,120,0.150,1.0000,0.0000
rf,30,180,120,0.160,1.0000,0.0000
rf,30,180,120,0.170,1.0000,0.0000
rf,30,180,120,0.180,1.0000,0.0000
rf,30,180,120,0.190,1.0000,0.0000
rf,30,180,120,0.200,1.0000,0.0000
rf,30,180,120,0.210,1.0000,0.0000
rf,30,180,120,0.220,1.0000,0.0000
rf,30,180,120,0.230,1.0000,0.0000
rf,30,180,120,0.240,1.0000,0.0000
rf,30,180,120,0.250,1.0000,0.0000
rf,30,180,120,0.260,1.0000,0.0000
rf,30,180,120,0.270,1.0000,0.0000
rf,30,180,120,0.280,1.0000,0.0000
rf,30,180,120,0.290,1.0000,0.0000
rf,30,180,120,0.300,1.0000,0.0000
rf,30,180,120,0.310,1.0000,0.0000
rf,30,180,120,0.320,1.0000,0.0000
rf,30,180,120,0.330,1.0000,0.0000
rf,30,180,120,0.340,0.9839,0.0000
rf,30,180,120,0.350,0.9677,0.0161
rf,30,180,120,0.360,0.9677,0.0161
rf,30,180,120,0.370,0.9677,0.0161
rf,30,180,120,0.380,0.9516,0.0323
rf,30,180,120,0.390,0.9516,0.0323
rf,30,180,120,0.400,0.9355,0.0484
rf,30,180,120,0.410,0.9194,0.0645
rf,30,180,120,0.420,0.8710,0.0806
rf,30,180,120,0.430,0.8548,0.0968
rf,30,180,120,0.440,0.8548,0.0806
rf,30,180,120,0.450,0.8387,0.0968
rf,30,180,120,0.460,0.8387,0.0968
rf,30,180,120,0.470,0.8065,0.1129
rf,30,180,120,0.480,0.7903,0.1129
rf,30,180,120,0.490,0.7581,0.1129
rf,30,180,120,0.500,0.7097,0.1452
rf,30,180,120,0.510,0.6935,0.1452
rf,30,180,120,0.520,0.6935,0.1452
rf,30,180,120,0.530,0.6935,0.1290
rf,30,180,120,0.540,0.6935,0.1129
rf,30,180,120,0.550,0.6452,0.1452
rf,30,180,120,0.560,0.6290,0.1452
rf,30,180,120,0.570,0.5806,0.1774
rf,30,180,120,0.580,0.5323,0.1613
rf,30,180,120,0.590,0.5161,0.1774
rf,30,180,120,0.600,0.5161,0.1774
rf,30,180,120,0.610,0.5000,0.1774
rf,30,180,120,0.620,0.4839,0.1452
rf,30,180,120,0.630,0.4516,0.1290
rf,30,180,120,0.640,0.4355,0.1452
rf,30,180,120,0.650,0.3871,0.1452
rf,30,180,120,0.660,0.3548,0.1290
rf,30,180,120,0.670,0.3387,0.0968
rf,30,180,120,0.680,0.3387,0.0645
rf,30,180,120,0.690,0.2581,0.0806
rf,30,180,120,0.700,0.2258,0.0968
rf,30,180,120,0.710,0.1613,0.0645
rf,30,180,120,0.720,0.1290,0.0806
rf,30,180,120,0.730,0.1129,0.0645
rf,30,180,120,0.740,0.0968,0.0645
rf,30,180,120,0.750,0.0806,0.0645
rf,30,180,120,0.760,0.0806,0.0484
rf,30,180,120,0.770,0.0645,0.0484
rf,30,180,120,0.780,0.0645,0.0323
rf,30,180,120,0.790,0.0484,0.0161
rf,30,180,120,0.800,0.0484,0.0161
rf,30,180,120,0.810,0.0323,0.0000
rf,30,180,120,0.820,0.0323,0.0000
rf,30,180,120,0.830,0.0161,0.0000
rf,30,180,120,0.840,0.0000,0.0161
rf,30,180,120,0.850,0.0000,0.0161
rf,30,180,120,0.860,0.0000,0.0000
rf,30,180,120,0.870,0.0000,0.0000
rf,30,180,120,0.880,0.0000,0.0000
rf,30,180,120,0.890,0.0000,0.0000
rf,30,180,120,0.900,0.0000,0.0000
rf,30,180,120,0.910,0.0000,0.0000
rf,30,180,120,0.920,0.0000,0.0000
rf,30,180,120,0.930,0.0000,0.0000
rf,30,180,120,0.940,0.0000,0.0000
rf,30,180,120,0.950,0.0000,0.0000
rf,30,180,120,0.960,0.0000,0.0000
rf,30,180,120,0.970,0.0000,0.0000
rf,30,180,120,0.980,0.0000,0.0000
rf,30,180,120,0.990,0.0000,0.0000
rf,30,180,120,1.000,0.0000,0.0000
rf,30,300,0,0.000,0.9677,0.0323
rf,30,300,0,0.010,0.9677,0.0323
rf,30,300,0,0.020,0.9677,0.0323
rf,30,300,0,0.030,0.9677,0.0323
rf,30,300,0,0.040,0.9677,0.0323
rf,30,300,0,0.050,0.9677,0.0323
rf,30,300,0,0.060,0.9677,0.0323
rf,30,300,0,0.070,0.9677,0.0323
rf,30,300,0,0.080,0.9677,0.0323
rf,30,300,0,0.090,0.9677,0.0323
rf,30,300,0,0.100,0.9677,0.0323
rf,30,300,0,0.110,0.9677,0.0323
rf,30,300,0,0.120,0.9677,0.0323
rf,30,300,0,0.130,0.9677,0.0323
rf,30,300,0,0.140,0.9677,0.0323
rf,30,300,0,0.150,0.9677,0.0323
rf,30,300,0,0.160,0.9677,0.0323
rf,30,300,0,0.170,0.9677,0.0323
rf,30,300,0,0.180,0.9677,0.0323
rf,30,300,0,0.190,0.9677,0.0323
rf,30,300,0,0.200,0.9677,0.0323
rf,30,300,0,0.210,0.9516,0.0484
rf,30,300,0,0.220,0.9516,0.0484
rf,30,300,0,0.230,0.9516,0.0484
rf,30,300,0,0.240,0.9516,0.0484
rf,30,300,0,0.250,0.9516,0.0484
rf,30,300,0,0.260,0.9516,0.0484
rf,30,300,0,0.270,0.9516,0.0484
rf,30,300,0,0.280,0.9516,0.0484
rf,30,300,0,0.290,0.9516,0.0484
rf,30,300,0,0.300,0.9032,0.0968
rf,30,300,0,0.310,0.9032,0.0968
rf,30,300,0,0.320,0.8871,0.1129
rf,30,300,0,0.330,0.8871,0.1129
rf,30,300,0,0.340,0.8710,0.1129
rf,30,300,0,0.350,0.8710,0.1129
rf,30,300,0,0.360,0.8548,0.1290
rf,30,300,0,0.370,0.8548,0.1290
rf,30,300,0,0.380,0.8387,0.1452
rf,30,300,0,0.390,0.8387,0.1452
rf,30,300,0,0.400,0.8065,0.1774
rf,30,300,0,0.410,0.7903,0.1613
rf,30,300,0,0.420,0.7581,0.1613
rf,30,300,0,0.430,0.7258,0.1935
rf,30,300,0,0.440,0.7258,0.1774
rf,30,300,0,0.450,0.7097,0.1935
rf,30,300,0,0.460,0.7097,0.1935
rf,30,300,0,0.470,0.6935,0.1935
rf,30,300,0,0.480,0.6935,0.1613
rf,30,300,0,0.490,0.6290,0.1935
rf,30,300,0,0.500,0.5806,0.2097
rf,30,300,0,0.510,0.5806,0.1935
rf,30,300,0,0.520,0.5806,0.1935
rf,30,300,0,0.530,0.5484,0.2258
rf,30,300,0,0.540,0.5323,0.2258
rf,30,300,0,0.550,0.5000,0.2258
rf,30,300,0,0.560,0.5000,0.2258
rf,30,300,0,0.570,0.4839,0.2097
rf,30,300,0,0.580,0.4355,0.2097
rf,30,300,0,0.590,0.4194,0.2097
rf,30,300,0,0.600,0.4032,0.2258
rf,30,300,0,0.610,0.3548,0.2419
rf,30,300,0,0.620,0.3548,0.1935
rf,30,300,0,0.630,0.3387,0.1613
rf,30,300,0,0.640,0.3226,0.1613
rf,30,300,0,0.650,0.3065,0.1613
rf,30,300,0,0.660,0.2742,0.1774
rf,30,300,0,0.670,0.2581,0.1613
rf,30,300,0,0.680,0.2581,0.1290
rf,30,300,0,0.690,0.1935,0.1129
rf,30,300,0,0.700,0.1613,0.1452
rf,30,300,0,0.710,0.1290,0.0968
rf,30,300,0,0.720,0.0968,0.1129
rf,30,300,0,0.730,0.0806,0.0806
rf,30,300,0,0.740,0.0806,0.0645
rf,30,300,0,0.750,0.0645,0.0645
rf,30,300,0,0.760,0.0645,0.0484
rf,30,300,0,0.770,0.0484,0.0484
rf,30,300,0,0.780,0.0484,0.0484
rf,30,300,0,0.790,0.0323,0.0323
rf,30,300,0,0.800,0.0323,0.0323
rf,30,300,0,0.810,0.0323,0.0000
rf,30,300,0,0.820,0.0323,0.0000
rf,30,300,0,0.830,0.0161,0.0000
rf,30,300,0,0.840,0.0000,0.0000
rf,30,300,0,0.850,0.0000,0.0000
rf,30,300,0,0.860,0.0000,0.0000
rf,30,300,0,0.870,0.0000,0.0000
rf,30,300,0,0.880,0.0000,0.0000
rf,30,300,0,0.890,0.0000,0.0000
rf,30,300,0,0.900,0.0000,0.0000
rf,30,300,0,0.910,0.0000,0.0000
rf,30,300,0,0.920,0.0000,0.0000
rf,30,300,0,0.930,0.0000,0.0000
rf,30,300,0,0.940,0.0000,0.0000
rf,30,300,0,0.950,0.0000,0.0000
rf,30,300,0,0.960,0.0000,0.0000
rf,30,300,0,0.970,0.0000,0.0000
rf,30,300,0,0.980,0.0000,0.0000
rf,30,300,0,0.990,0.0000,0.0000
rf,30,300,0,1.000,0.0000,0.0000
rf,30,300,30,0.000,0.9677,0.0323
rf,30,300,30,0.010,0.9677,0.0323
rf,30,300,30,0.020,0.9677,0.0323
rf,30,300,30,0.030,0.9677,0.0323
rf,30,300,30,0.040,0.9677,0.0323
rf,30,300,30,0.050,0.9677,0.0323
rf,30,300,30,0.060,0.9677,0.0323
rf,30,300,30,0.070,0.9677,0.0323
rf,30,300,30,0.080,0.9677,0.0323
rf,30,300,30,0.090,0.9677,0.0323
rf,30,300,30,0.100,0.9677,0.0323
rf,30,300,30,0.110,0.9677,0.0323
rf,30,300,30,0.120,0.9677,0.0323
rf,30,300,30,0.130,0.9677,0.0323
rf,30,300,30,0.140,0.9677,0.0323
rf,30,300,30,0.150,0.9677,0.0323
rf,30,300,30,0.160,0.9677,0.0323
rf,30,300,30,0.170,0.9677,0.0323
rf,30,300,30,0.180,0.9677,0.0323
rf,30,300,30,0.190,0.9677,0.0323
rf,30,300,30,0.200,0.9677,0.0323
rf,30,300,30,0.210,0.9516,0.0484
rf,30,300,30,0.220,0.9516,0.0484
rf,30,300,30,0.230,0.9516,0.0484
rf,30,300,30,0.240,0.9516,0.0484
rf,30,300,30,0.250,0.9516,0.0484
rf,30,300,30,0.260,0.9516,0.0484
rf,30,300,30,0.270,0.9516,0.0484
rf,30,300,30,0.280,0.9516,0.0484
rf,30,300,30,0.290,0.9516,0.0484
rf,30,300,30,0.300,0.9032,0.0968
rf,30,300,30,0.310,0.9032,0.0968
rf,30,300,30,0.320,0.8871,0.1129
rf,30,300,30,0.330,0.8871,0.1129
rf,30,300,30,0.340,0.8710,0.1129
rf,30,300,30,0.350,0.8710,0.1129
rf,30,300,30,0.360,0.8548,0.1290
rf,30,300,30,0.370,0.8548,0.1290
rf,30,300,30,0.380,0.8387,0.1452
rf,30,300,30,0.390,0.8387,0.1452
rf,30,300,30,0.400,0.8065,0.1774
rf,30,300,30,0.410,0.7903,0.1774
rf,30,300,30,0.420,0.7581,0.1774
rf,30,300,30,0.430,0.7258,0.2097
rf,30,300,30,0.440,0.7258,0.1935
rf,30,300,30,0.450,0.7097,0.1935
rf,30,300,30,0.460,0.7097,0.1935
rf,30,300,30,0.470,0.6935,0.1935
rf,30,300,30,0.480,0.6935,0.1613
rf,30,300,30,0.490,0.6290,0.1935
rf,30,300,30,0.500,0.5806,0.2097
rf,30,300,30,0.510,0.5806,0.1935
rf,30,300,30,0.520,0.5806,0.1935
rf,30,300,30,0.530,0.5484,0.2258
rf,30,300,30,0.540,0.5323,0.2258
rf,30,300,30,0.550,0.5000,0.2258
rf,30,300,30,0.560,0.5000,0.2258
rf,30,300,30,0.570,0.4839,0.2258
rf,30,300,30,0.580,0.4355,0.2258
rf,30,300,30,0.590,0.4194,0.2419
rf,30,300,30,0.600,0.4032,0.2581
rf,30,300,30,0.610,0.3548,0.2742
rf,30,300,30,0.620,0.3548,0.2258
rf,30,300,30,0.630,0.3387,0.1935
rf,30,300,30,0.640,0.3226,0.1774
rf,30,300,30,0.650,0.3065,0.1613
rf,30,300,30,0.660,0.2742,0.1774
rf,30,300,30,0.670,0.2581,0.1613
rf,30,300,30,0.680,0.2581,0.1290
rf,30,300,30,0.690,0.1935,0.1129
rf,30,300,30,0.700,0.1613,0.1452
rf,30,300,30,0.710,0.1290,0.0968
rf,30,300,30,0.720,0.0968,0.1129
rf,30,300,30,0.730,0.0806,0.0968
rf,30,300,30,0.740,0.0806,0.0806
rf,30,300,30,0.750,0.0645,0.0806
rf,30,300,30,0.760,0.0645,0.0645
rf,30,300,30,0.770,0.0484,0.0645
rf,30,300,30,0.780,0.0484,0.0484
rf,30,300,30,0.790,0.0323,0.0323
rf,30,300,30,0.800,0.0323,0.0323
rf,30,300,30,0.810,0.0323,0.0000
rf,30,300,30,0.820,0.0323,0.0000
rf,30,300,30,0.830,0.0161,0.0000
rf,30,300,30,0.840,0.0000,0.0000
rf,30,300,30,0.850,0.0000,0.0000
rf,30,300,30,0.860,0.0000,0.0000
rf,30,300,30,0.870,0.0000,0.0000
rf,30,300,30,0.880,0.0000,0.0000
rf,30,300,30,0.890,0.0000,0.0000
rf,30,300,30,0.900,0.0000,0.0000
rf,30,300,30,0.910,0.0000,0.0000
rf,30,300,30,0.920,0.0000,0.0000
rf,30,300,30,0.930,0.0000,0.0000
rf,30,300,30,0.940,0.0000,0.0000
rf,30,300,30,0.950,0.0000,0.0000
rf,30,300,30,0.960,0.0000,0.0000
rf,30,300,30,0.970,0.0000,0.0000
rf,30,300,30,0.980,0.0000,0.0000
rf,30,300,30,0.990,0.0000,0.0000
rf,30,300,30,1.000,0.0000,0.0000
rf,30,300,60,0.000,0.9677,0.0323
rf,30,300,60,0.010,0.9677,0.0323
rf,30,300,60,0.020,0.9677,0.0323
rf,30,300,60,0.030,0.9677,0.0323
rf,30,300,60,0.040,0.9677,0.0323
rf,30,300,60,0.050,0.9677,0.0323
rf,30,300,60,0.060,0.9677,0.0323
rf,30,300,60,0.070,0.9677,0.0323
rf,30,300,60,0.080,0.9677,0.0323
rf,30,300,60,0.090,0.9677,0.0323
rf,30,300,60,0.100,0.9677,0.0323
rf,30,300,60,0.110,0.9677,0.0323
rf,30,300,60,0.120,0.9677,0.0323
rf,30,300,60,0.130,0.9677,0.0323
rf,30,300,60,0.140,0.9677,0.0323
rf,30,300,60,0.150,0.9677,0.0323
rf,30,300,60,0.160,0.9677,0.0323
rf,30,300,60,0.170,0.9677,0.0323
rf,30,300,60,0.180,0.9677,0.0323
rf,30,300,60,0.190,0.9677,0.0323
rf,30,300,60,0.200,0.9677,0.0323
rf,30,300,60,0.210,0.9516,0.0484
rf,30,300,60,0.220,0.9516,0.0484
rf,30,300,60,0.230,0.9516,0.0484
rf,30,300,60,0.240,0.9516,0.0484
rf,30,300,60,0.250,0.9516,0.0484
rf,30,300,60,0.260,0.9516,0.0484
rf,30,300,60,0.270,0.9516,0.0484
rf,30,300,60,0.280,0.9516,0.0484
rf,30,300,60,0.290,0.9516,0.0484
rf,30,300,60,0.300,0.9032,0.0968
rf,30,300,60,0.310,0.9032,0.0968
rf,30,300,60,0.320,0.8871,0.1129
rf,30,300,60,0.330,0.8871,0.1129
rf,30,300,60,0.340,0.8710,0.1129
rf,30,300,60,0.350,0.8710,0.1129
rf,30,300,60,0.360,0.8548,0.1290
rf,30,300,60,0.370,0.8548,0.1290
rf,30,300,60,0.380,0.8387,0.1452
rf,30,300,60,0.390,0.8387,0.1452
rf,30,300,60,0.400,0.8065,0.1774
rf,30,300,60,0.410,0.7903,0.1774
rf,30,300,60,0.420,0.7581,0.1774
rf,30,300,60,0.430,0.7258,0.2097
rf,30,300,60,0.440,0.7258,0.1935
rf,30,300,60,0.450,0.7097,0.2097
rf,30,300,60,0.460,0.7097,0.2097
rf,30,300,60,0.470,0.6935,0.2097
rf,30,300,60,0.480,0.6935,0.1935
rf,30,300,60,0.490,0.6290,0.2258
rf,30,300,60,0.500,0.5806,0.2581
rf,30,300,60,0.510,0.5806,0.2419
rf,30,300,60,0.520,0.5806,0.2419
rf,30,300,60,0.530,0.5484,0.2581
rf,30,300,60,0.540,0.5323,0.2581
rf,30,300,60,0.550,0.5000,0.2581
rf,30,300,60,0.560,0.5000,0.2581
rf,30,300,60,0.570,0.4839,0.2419
rf,30,300,60,0.580,0.4355,0.2258
rf,30,300,60,0.590,0.4194,0.2419
rf,30,300,60,0.600,0.4032,0.2581
rf,30,300,60,0.610,0.3548,0.2742
rf,30,300,60,0.620,0.3548,0.2258
rf,30,300,60,0.630,0.3387,0.1935
rf,30,300,60,0.640,0.3226,0.1935
rf,30,300,60,0.650,0.3065,0.1774
rf,30,300,60,0.660,0.2742,0.1774
rf,30,300,60,0.670,0.2581,0.1613
rf,30,300,60,0.680,0.2581,0.1290
rf,30,300,60,0.690,0.1935,0.1129
rf,30,300,60,0.700,0.1613,0.1452
rf,30,300,60,0.710,0.1290,0.0968
rf,30,300,60,0.720,0.0968,0.1129
rf,30,300,60,0.730,0.0806,0.0968
rf,30,300,60,0.740,0.0806,0.0806
rf,30,300,60,0.750,0.0645,0.0806
rf,30,300,60,0.760,0.0645,0.0645
rf,30,300,60,0.770,0.0484,0.0645
rf,30,300,60,0.780,0.0484,0.0484
rf,30,300,60,0.790,0.0323,0.0323
rf,30,300,60,0.800,0.0323,0.0323
rf,30,300,60,0.810,0.0323,0.0000
rf,30,300,60,0.820,0.0323,0.0000
rf,30,300,60,0.830,0.0161,0.0000
rf,30,300,60,0.840,0.0000,0.0000
rf,30,300,60,0.850,0.0000,0.0000
rf,30,300,60,0.860,0.0000,0.0000
rf,30,300,60,0.870,0.0000,0.0000
rf,30,300,60,0.880,0.0000,0.0000
rf,30,300,60,0.890,0.0000,0.0000
rf,30,300,60,0.900,0.0000,0.0000
rf,30,300,60,0.910,0.0000,0.0000
rf,30,300,60,0.920,0.0000,0.0000
rf,30,300,60,0.930,0.0000,0.0000
rf,30,300,60,0.940,0.0000,0.0000
rf,30,300,60,0.950,0.0000,0.0000
rf,30,300,60,0.960,0.0000,0.0000
rf,30,300,60,0.970,0.0000,0.0000
rf,30,300,60,0.980,0.0000,0.0000
rf,30,300,60,0.990,0.0000,0.0000
rf,30,300,60,1.000,0.0000,0.0000
rf,30,300,120,0.000,0.9677,0.0323
rf,30,300,120,0.010,0.9677,0.0323
rf,30,300,120,0.020,0.9677,0.0323
rf,30,300,120,0.030,0.9677,0.0323
rf,30,300,120,0.040,0.9677,0.0323
rf,30,300,120,0.050,0.9677,0.0323
rf,30,300,120,0.060,0.9677,0.0323
rf,30,300,120,0.070,0.9677,0.0323
rf,30,300,120,0.080,0.9677,0.0323
rf,30,300,120,0.090,0.9677,0.0323
rf,30,300,120,0.100,0.9677,0.0323
rf,30,300,120,0.110,0.9677,0.0323
rf,30,300,120,0.120,0.9677,0.0323
rf,30,300,120,0.130,0.9677,0.0323
rf,30,300,120,0.140,0.9677,0.0323
rf,30,300,120,0.150,0.9677,0.0323
rf,30,300,120,0.160,0.9677,0.0323
rf,30,300,120,0.170,0.9677,0.0323
rf,30,300,120,0.180,0.9677,0.0323
rf,30,300,120,0.190,0.9677,0.0323
rf,30,300,120,0.200,0.9677,0.0323
rf,30,300,120,0.210,0.9516,0.0484
rf,30,300,120,0.220,0.9516,0.0484
rf,30,300,120,0.230,0.9516,0.0484
rf,30,300,120,0.240,0.9516,0.0484
rf,30,300,120,0.250,0.9516,0.0484
rf,30,300,120,0.260,0.9516,0.0484
rf,30,300,120,0.270,0.9516,0.0484
rf,30,300,120,0.280,0.9516,0.0484
rf,30,300,120,0.290,0.9516,0.0484
rf,30,300,120,0.300,0.9032,0.0968
rf,30,300,120,0.310,0.9032,0.0968
rf,30,300,120,0.320,0.8871,0.1129
rf,30,300,120,0.330,0.8871,0.1129
rf,30,300,120,0.340,0.8710,0.1129
rf,30,300,120,0.350,0.8710,0.1129
rf,30,300,120,0.360,0.8548,0.1290
rf,30,300,120,0.370,0.8548,0.1290
rf,30,300,120,0.380,0.8387,0.1452
rf,30,300,120,0.390,0.8387,0.1452
rf,30,300,120,0.400,0.8065,0.1774
rf,30,300,120,0.410,0.7903,0.1935
rf,30,300,120,0.420,0.7581,0.1935
rf,30,300,120,0.430,0.7258,0.2258
rf,30,300,120,0.440,0.7258,0.2097
rf,30,300,120,0.450,0.7097,0.2258
rf,30,300,120,0.460,0.7097,0.2258
rf,30,300,120,0.470,0.6935,0.2258
rf,30,300,120,0.480,0.6935,0.2097
rf,30,300,120,0.490,0.6290,0.2419
rf,30,300,120,0.500,0.5806,0.2742
rf,30,300,120,0.510,0.5806,0.2581
rf,30,300,120,0.520,0.5806,0.2581
rf,30,300,120,0.530,0.5484,0.2742
rf,30,300,120,0.540,0.5323,0.2742
rf,30,300,120,0.550,0.5000,0.2903
rf,30,300,120,0.560,0.5000,0.2742
rf,30,300,120,0.570,0.4839,0.2742
rf,30,300,120,0.580,0.4355,0.2581
rf,30,300,120,0.590,0.4194,0.2742
rf,30,300,120,0.600,0.4032,0.2903
rf,30,300,120,0.610,0.3548,0.3226
rf,30,300,120,0.620,0.3548,0.2742
rf,30,300,120,0.630,0.3387,0.2419
rf,30,300,120,0.640,0.3226,0.2581
rf,30,300,120,0.650,0.3065,0.2258
rf,30,300,120,0.660,0.2742,0.2097
rf,30,300,120,0.670,0.2581,0.1774
rf,30,300,120,0.680,0.2581,0.1452
rf,30,300,120,0.690,0.1935,0.1452
rf,30,300,120,0.700,0.1613,0.1613
rf,30,300,120,0.710,0.1290,0.0968
rf,30,300,120,0.720,0.0968,0.1129
rf,30,300,120,0.730,0.0806,0.0968
rf,30,300,120,0.740,0.0806,0.0806
rf,30,300,120,0.750,0.0645,0.0806
rf,30,300,120,0.760,0.0645,0.0645
rf,30,300,120,0.770,0.0484,0.0645
rf,30,300,120,0.780,0.0484,0.0484
rf,30,300,120,0.790,0.0323,0.0323
rf,30,300,120,0.800,0.0323,0.0323
rf,30,300,120,0.810,0.0323,0.0000
rf,30,300,120,0.820,0.0323,0.0000
rf,30,300,120,0.830,0.0161,0.0000
rf,30,300,120,0.840,0.0000,0.0161
rf,30,300,120,0.850,0.0000,0.0161
rf,30,300,120,0.860,0.0000,0.0000
rf,30,300,120,0.870,0.0000,0.0000
rf,30,300,120,0.880,0.0000,0.0000
rf,30,300,120,0.890,0.0000,0.0000
rf,30,300,120,0.900,0.0000,0.0000
rf,30,300,120,0.910,0.0000,0.0000
rf,30,300,120,0.920,0.0000,0.0000
rf,30,300,120,0.930,0.0000,0.0000
rf,30,300,120,0.940,0.0000,0.0000
rf,30,300,120,0.950,0.0000,0.0000
rf,30,300,120,0.960,0.0000,0.0000
rf,30,300,120,0.970,0.0000,0.0000
rf,30,300,120,0.980,0.0000,0.0000
rf,30,300,120,0.990,0.0000,0.0000
rf,30,300,120,1.000,0.0000,0.0000
rf,30,420,0,0.000,0.9032,0.0968
rf,30,420,0,0.010,0.9032,0.0968
rf,30,420,0,0.020,0.9032,0.0968
rf,30,420,0,0.030,0.9032,0.0968
rf,30,420,0,0.040,0.9032,0.0968
rf,30,420,0,0.050,0.9032,0.0968
rf,30,420,0,0.060,0.9032,0.0968
rf,30,420,0,0.070,0.9032,0.0968
rf,30,420,0,0.080,0.9032,0.0968
rf,30,420,0,0.090,0.9032,0.0968
rf,30,420,0,0.100,0.9032,0.0968
rf,30,420,0,0.110,0.9032,0.0968
rf,30,420,0,0.120,0.9032,0.0968
rf,30,420,0,0.130,0.9032,0.0968
rf,30,420,0,0.140,0.9032,0.0968
rf,30,420,0,0.150,0.9032,0.0968
rf,30,420,0,0.160,0.9032,0.0968
rf,30,420,0,0.170,0.9032,0.0968
rf,30,420,0,0.180,0.9032,0.0968
rf,30,420,0,0.190,0.9032,0.0968
rf,30,420,0,0.200,0.8871,0.1129
rf,30,420,0,0.210,0.8871,0.1129
rf,30,420,0,0.220,0.8871,0.1129
rf,30,420,0,0.230,0.8871,0.1129
rf,30,420,0,0.240,0.8871,0.1129
rf,30,420,0,0.250,0.8871,0.1129
rf,30,420,0,0.260,0.8871,0.1129
rf,30,420,0,0.270,0.8871,0.1129
rf,30,420,0,0.280,0.8871,0.1129
rf,30,420,0,0.290,0.8871,0.1129
rf,30,420,0,0.300,0.8548,0.1452
rf,30,420,0,0.310,0.8387,0.1613
rf,30,420,0,0.320,0.8065,0.1935
rf,30,420,0,0.330,0.8065,0.1935
rf,30,420,0,0.340,0.7903,0.1935
rf,30,420,0,0.350,0.7742,0.2097
rf,30,420,0,0.360,0.7581,0.2258
rf,30,420,0,0.370,0.7581,0.2258
rf,30,420,0,0.380,0.7581,0.2258
rf,30,420,0,0.390,0.7581,0.2258
rf,30,420,0,0.400,0.7581,0.2258
rf,30,420,0,0.410,0.7419,0.2097
rf,30,420,0,0.420,0.6935,0.2258
rf,30,420,0,0.430,0.6774,0.2419
rf,30,420,0,0.440,0.6774,0.2258
rf,30,420,0,0.450,0.6613,0.2419
rf,30,420,0,0.460,0.6613,0.2419
rf,30,420,0,0.470,0.6290,0.2581
rf,30,420,0,0.480,0.6290,0.2258
rf,30,420,0,0.490,0.5645,0.2581
rf,30,420,0,0.500,0.5161,0.2742
rf,30,420,0,0.510,0.5161,0.2581
rf,30,420,0,0.520,0.5000,0.2742
rf,30,420,0,0.530,0.4516,0.3226
rf,30,420,0,0.540,0.4516,0.3065
rf,30,420,0,0.550,0.4516,0.2742
rf,30,420,0,0.560,0.4355,0.2903
rf,30,420,0,0.570,0.4032,0.2903
rf,30,420,0,0.580,0.3710,0.2742
rf,30,420,0,0.590,0.3710,0.2581
rf,30,420,0,0.600,0.3548,0.2742
rf,30,420,0,0.610,0.3226,0.2742
rf,30,420,0,0.620,0.3226,0.2258
rf,30,420,0,0.630,0.3065,0.1935
rf,30,420,0,0.640,0.3065,0.1774
rf,30,420,0,0.650,0.2581,0.2097
rf,30,420,0,0.660,0.2258,0.2258
rf,30,420,0,0.670,0.2097,0.2097
rf,30,420,0,0.680,0.2097,0.1774
rf,30,420,0,0.690,0.1774,0.1290
rf,30,420,0,0.700,0.1290,0.1774
rf,30,420,0,0.710,0.1129,0.1129
rf,30,420,0,0.720,0.0806,0.1290
rf,30,420,0,0.730,0.0645,0.0968
rf,30,420,0,0.740,0.0645,0.0806
rf,30,420,0,0.750,0.0484,0.0806
rf,30,420,0,0.760,0.0323,0.0806
rf,30,420,0,0.770,0.0323,0.0645
rf,30,420,0,0.780,0.0323,0.0645
rf,30,420,0,0.790,0.0161,0.0484
rf,30,420,0,0.800,0.0161,0.0484
rf,30,420,0,0.810,0.0161,0.0161
rf,30,420,0,0.820,0.0161,0.0161
rf,30,420,0,0.830,0.0161,0.0000
rf,30,420,0,0.840,0.0000,0.0000
rf,30,420,0,0.850,0.0000,0.0000
rf,30,420,0,0.860,0.0000,0.0000
rf,30,420,0,0.870,0.0000,0.0000
rf,30,420,0,0.880,0.0000,0.0000
rf,30,420,0,0.890,0.0000,0.0000
rf,30,420,0,0.900,0.0000,0.0000
rf,30,420,0,0.910,0.0000,0.0000
rf,30,420,0,0.920,0.0000,0.0000
rf,30,420,0,0.930,0.0000,0.0000
rf,30,420,0,0.940,0.0000,0.0000
rf,30,420,0,0.950,0.0000,0.0000
rf,30,420,0,0.960,0.0000,0.0000
rf,30,420,0,0.970,0.0000,0.0000
rf,30,420,0,0.980,0.0000,0.0000
rf,30,420,0,0.990,0.0000,0.0000
rf,30,420,0,1.000,0.0000,0.0000
rf,30,420,30,0.000,0.9032,0.0968
rf,30,420,30,0.010,0.9032,0.0968
rf,30,420,30,0.020,0.9032,0.0968
rf,30,420,30,0.030,0.9032,0.0968
rf,30,420,30,0.040,0.9032,0.0968
rf,30,420,30,0.050,0.9032,0.0968
rf,30,420,30,0.060,0.9032,0.0968
rf,30,420,30,0.070,0.9032,0.0968
rf,30,420,30,0.080,0.9032,0.0968
rf,30,420,30,0.090,0.9032,0.0968
rf,30,420,30,0.100,0.9032,0.0968
rf,30,420,30,0.110,0.9032,0.0968
rf,30,420,30,0.120,0.9032,0.0968
rf,30,420,30,0.130,0.9032,0.0968
rf,30,420,30,0.140,0.9032,0.0968
rf,30,420,30,0.150,0.9032,0.0968
rf,30,420,30,0.160,0.9032,0.0968
rf,30,420,30,0.170,0.9032,0.0968
rf,30,420,30,0.180,0.9032,0.0968
rf,30,420,30,0.190,0.9032,0.0968
rf,30,420,30,0.200,0.8871,0.1129
rf,30,420,30,0.210,0.8871,0.1129
rf,30,420,30,0.220,0.8871,0.1129
rf,30,420,30,0.230,0.8871,0.1129
rf,30,420,30,0.240,0.8871,0.1129
rf,30,420,30,0.250,0.8871,0.1129
rf,30,420,30,0.260,0.8871,0.1129
rf,30,420,30,0.270,0.8871,0.1129
rf,30,420,30,0.280,0.8871,0.1129
rf,30,420,30,0.290,0.8871,0.1129
rf,30,420,30,0.300,0.8548,0.1452
rf,30,420,30,0.310,0.8387,0.1613
rf,30,420,30,0.320,0.8065,0.1935
rf,30,420,30,0.330,0.8065,0.1935
rf,30,420,30,0.340,0.7903,0.1935
rf,30,420,30,0.350,0.7742,0.2097
rf,30,420,30,0.360,0.7581,0.2258
rf,30,420,30,0.370,0.7581,0.2258
rf,30,420,30,0.380,0.7581,0.2258
rf,30,420,30,0.390,0.7581,0.2258
rf,30,420,30,0.400,0.7581,0.2258
rf,30,420,30,0.410,0.7419,0.2258
rf,30,420,30,0.420,0.6935,0.2419
rf,30,420,30,0.430,0.6774,0.2581
rf,30,420,30,0.440,0.6774,0.2419
rf,30,420,30,0.450,0.6613,0.2419
rf,30,420,30,0.460,0.6613,0.2419
rf,30,420,30,0.470,0.6290,0.2581
rf,30,420,30,0.480,0.6290,0.2258
rf,30,420,30,0.490,0.5645,0.2581
rf,30,420,30,0.500,0.5161,0.2742
rf,30,420,30,0.510,0.5161,0.2581
rf,30,420,30,0.520,0.5000,0.2742
rf,30,420,30,0.530,0.4516,0.3226
rf,30,420,30,0.540,0.4516,0.3065
rf,30,420,30,0.550,0.4516,0.2742
rf,30,420,30,0.560,0.4355,0.2903
rf,30,420,30,0.570,0.4032,0.3065
rf,30,420,30,0.580,0.3710,0.2903
rf,30,420,30,0.590,0.3710,0.2903
rf,30,420,30,0.600,0.3548,0.3065
rf,30,420,30,0.610,0.3226,0.3065
rf,30,420,30,0.620,0.3226,0.2581
rf,30,420,30,0.630,0.3065,0.2258
rf,30,420,30,0.640,0.3065,0.1935
rf,30,420,30,0.650,0.2581,0.2097
rf,30,420,30,0.660,0.2258,0.2258
rf,30,420,30,0.670,0.2097,0.2097
rf,30,420,30,0.680,0.2097,0.1774
rf,30,420,30,0.690,0.1774,0.1290
rf,30,420,30,0.700,0.1290,0.1774
rf,30,420,30,0.710,0.1129,0.1129
rf,30,420,30,0.720,0.0806,0.1290
rf,30,420,30,0.730,0.0645,0.1129
rf,30,420,30,0.740,0.0645,0.0968
rf,30,420,30,0.750,0.0484,0.0968
rf,30,420,30,0.760,0.0323,0.0968
rf,30,420,30,0.770,0.0323,0.0806
rf,30,420,30,0.780,0.0323,0.0645
rf,30,420,30,0.790,0.0161,0.0484
rf,30,420,30,0.800,0.0161,0.0484
rf,30,420,30,0.810,0.0161,0.0161
rf,30,420,30,0.820,0.0161,0.0161
rf,30,420,30,0.830,0.0161,0.0000
rf,30,420,30,0.840,0.0000,0.0000
rf,30,420,30,0.850,0.0000,0.0000
rf,30,420,30,0.860,0.0000,0.0000
rf,30,420,30,0.870,0.0000,0.0000
rf,30,420,30,0.880,0.0000,0.0000
rf,30,420,30,0.890,0.0000,0.0000
rf,30,420,30,0.900,0.0000,0.0000
rf,30,420,30,0.910,0.0000,0.0000
rf,30,420,30,0.920,0.0000,0.0000
rf,30,420,30,0.930,0.0000,0.0000
rf,30,420,30,0.940,0.0000,0.0000
rf,30,420,30,0.950,0.0000,0.0000
rf,30,420,30,0.960,0.0000,0.0000
rf,30,420,30,0.970,0.0000,0.0000
rf,30,420,30,0.980,0.0000,0.0000
rf,30,420,30,0.990,0.0000,0.0000
rf,30,420,30,1.000,0.0000,0.0000
rf,30,420,60,0.000,0.9032,0.0968
rf,30,420,60,0.010,0.9032,0.0968
rf,30,420,60,0.020,0.9032,0.0968
rf,30,420,60,0.030,0.9032,0.0968
rf,30,420,60,0.040,0.9032,0.0968
rf,30,420,60,0.050,0.9032,0.0968
rf,30,420,60,0.060,0.9032,0.0968
rf,30,420,60,0.070,0.9032,0.0968
rf,30,420,60,0.080,0.9032,0.0968
rf,30,420,60,0.090,0.9032,0.0968
rf,30,420,60,0.100,0.9032,0.0968
rf,30,420,60,0.110,0.9032,0.0968
rf,30,420,60,0.120,0.9032,0.0968
rf,30,420,60,0.130,0.9032,0.0968
rf,30,420,60,0.140,0.9032,0.0968
rf,30,420,60,0.150,0.9032,0.0968
rf,30,420,60,0.160,0.9032,0.0968
rf,30,420,60,0.170,0.9032,0.0968
rf,30,420,60,0.180,0.9032,0.0968
rf,30,420,60,0.190,0.9032,0.0968
rf,30,420,60,0.200,0.8871,0.1129
rf,30,420,60,0.210,0.8871,0.1129
rf,30,420,60,0.220,0.8871,0.1129
rf,30,420,60,0.230,0.8871,0.1129
rf,30,420,60,0.240,0.8871,0.1129
rf,30,420,60,0.250,0.8871,0.1129
rf,30,420,60,0.260,0.8871,0.1129
rf,30,420,60,0.270,0.8871,0.1129
rf,30,420,60,0.280,0.8871,0.1129
rf,30,420,60,0.290,0.8871,0.1129
rf,30,420,60,0.300,0.8548,0.1452
rf,30,420,60,0.310,0.8387,0.1613
rf,30,420,60,0.320,0.8065,0.1935
rf,30,420,60,0.330,0.8065,0.1935
rf,30,420,60,0.340,0.7903,0.1935
rf,30,420,60,0.350,0.7742,0.2097
rf,30,420,60,0.360,0.7581,0.2258
rf,30,420,60,0.370,0.7581,0.2258
rf,30,420,60,0.380,0.7581,0.2258
rf,30,420,60,0.390,0.7581,0.2258
rf,30,420,60,0.400,0.7581,0.2258
rf,30,420,60,0.410,0.7419,0.2258
rf,30,420,60,0.420,0.6935,0.2419
rf,30,420,60,0.430,0.6774,0.2581
rf,30,420,60,0.440,0.6774,0.2419
rf,30,420,60,0.450,0.6613,0.2581
rf,30,420,60,0.460,0.6613,0.2581
rf,30,420,60,0.470,0.6290,0.2742
rf,30,420,60,0.480,0.6290,0.2581
rf,30,420,60,0.490,0.5645,0.2903
rf,30,420,60,0.500,0.5161,0.3226
rf,30,420,60,0.510,0.5161,0.3065
rf,30,420,60,0.520,0.5000,0.3226
rf,30,420,60,0.530,0.4516,0.3548
rf,30,420,60,0.540,0.4516,0.3387
rf,30,420,60,0.550,0.4516,0.3065
rf,30,420,60,0.560,0.4355,0.3226
rf,30,420,60,0.570,0.4032,0.3226
rf,30,420,60,0.580,0.3710,0.2903
rf,30,420,60,0.590,0.3710,0.2903
rf,30,420,60,0.600,0.3548,0.3065
rf,30,420,60,0.610,0.3226,0.3065
rf,30,420,60,0.620,0.3226,0.2581
rf,30,420,60,0.630,0.3065,0.2258
rf,30,420,60,0.640,0.3065,0.2097
rf,30,420,60,0.650,0.2581,0.2258
rf,30,420,60,0.660,0.2258,0.2258
rf,30,420,60,0.670,0.2097,0.2097
rf,30,420,60,0.680,0.2097,0.1774
rf,30,420,60,0.690,0.1774,0.1290
rf,30,420,60,0.700,0.1290,0.1774
rf,30,420,60,0.710,0.1129,0.1129
rf,30,420,60,0.720,0.0806,0.1290
rf,30,420,60,0.730,0.0645,0.1129
rf,30,420,60,0.740,0.0645,0.0968
rf,30,420,60,0.750,0.0484,0.0968
rf,30,420,60,0.760,0.0323,0.0968
rf,30,420,60,0.770,0.0323,0.0806
rf,30,420,60,0.780,0.0323,0.0645
rf,30,420,60,0.790,0.0161,0.0484
rf,30,420,60,0.800,0.0161,0.0484
rf,30,420,60,0.810,0.0161,0.0161
rf,30,420,60,0.820,0.0161,0.0161
rf,30,420,60,0.830,0.0161,0.0000
rf,30,420,60,0.840,0.0000,0.0000
rf,30,420,60,0.850,0.0000,0.0000
rf,30,420,60,0.860,0.0000,0.0000
rf,30,420,60,0.870,0.0000,0.0000
rf,30,420,60,0.880,0.0000,0.0000
rf,30,420,60,0.890,0.0000,0.0000
rf,30,420,60,0.900,0.0000,0.0000
rf,30,420,60,0.910,0.0000,0.0000
rf,30,420,60,0.920,0.0000,0.0000
rf,30,420,60,0.930,0.0000,0.0000
rf,30,420,60,0.940,0.0000,0.0000
rf,30,420,60,0.950,0.0000,0.0000
rf,30,420,60,0.960,0.0000,0.0000
rf,30,420,60,0.970,0.0000,0.0000
rf,30,420,60,0.980,0.0000,0.0000
rf,30,420,60,0.990,0.0000,0.0000
rf,30,420,60,1.000,0.0000,0.0000
rf,30,420,120,0.000,0.9032,0.0968
rf,30,420,120,0.010,0.9032,0.0968
rf,30,420,120,0.020,0.9032,0.0968
rf,30,420,120,0.030,0.9032,0.0968
rf,30,420,120,0.040,0.9032,0.0968
rf,30,420,120,0.050,0.9032,0.0968
rf,30,420,120,0.060,0.9032,0.0968
rf,30,420,120,0.070,0.9032,0.0968
rf,30,420,120,0.080,0.9032,0.0968
rf,30,420,120,0.090,0.9032,0.0968
rf,30,420,120,0.100,0.9032,0.0968
rf,30,420,120,0.110,0.9032,0.0968
rf,30,420,120,0.120,0.9032,0.0968
rf,30,420,120,0.130,0.9032,0.0968
rf,30,420,120,0.140,0.9032,0.0968
rf,30,420,120,0.150,0.9032,0.0968
rf,30,420,120,0.160,0.9032,0.0968
rf,30,420,120,0.170,0.9032,0.0968
rf,30,420,120,0.180,0.9032,0.0968
rf,30,420,120,0.190,0.9032,0.0968
rf,30,420,120,0.200,0.8871,0.1129
rf,30,420,120,0.210,0.8871,0.1129
rf,30,420,120,0.220,0.8871,0.1129
rf,30,420,120,0.230,0.8871,0.1129
rf,30,420,120,0.240,0.8871,0.1129
rf,30,420,120,0.250,0.8871,0.1129
rf,30,420,120,0.260,0.8871,0.1129
rf,30,420,120,0.270,0.8871,0.1129
rf,30,420,120,0.280,0.8871,0.1129
rf,30,420,120,0.290,0.8871,0.1129
rf,30,420,120,0.300,0.8548,0.1452
rf,30,420,120,0.310,0.8387,0.1613
rf,30,420,120,0.320,0.8065,0.1935
rf,30,420,120,0.330,0.8065,0.1935
rf,30,420,120,0.340,0.7903,0.1935
rf,30,420,120,0.350,0.7742,0.2097
rf,30,420,120,0.360,0.7581,0.2258
rf,30,420,120,0.370,0.7581,0.2258
rf,30,420,120,0.380,0.7581,0.2258
rf,30,420,120,0.390,0.7581,0.2258
rf,30,420,120,0.400,0.7581,0.2258
rf,30,420,120,0.410,0.7419,0.2419
rf,30,420,120,0.420,0.6935,0.2581
rf,30,420,120,0.430,0.6774,0.2742
rf,30,420,120,0.440,0.6774,0.2581
rf,30,420,120,0.450,0.6613,0.2742
rf,30,420,120,0.460,0.6613,0.2742
rf,30,420,120,0.470,0.6290,0.2903
rf,30,420,120,0.480,0.6290,0.2742
rf,30,420,120,0.490,0.5645,0.3065
rf,30,420,120,0.500,0.5161,0.3387
rf,30,420,120,0.510,0.5161,0.3226
rf,30,420,120,0.520,0.5000,0.3387
rf,30,420,120,0.530,0.4516,0.3710
rf,30,420,120,0.540,0.4516,0.3548
rf,30,420,120,0.550,0.4516,0.3387
rf,30,420,120,0.560,0.4355,0.3387
rf,30,420,120,0.570,0.4032,0.3548
rf,30,420,120,0.580,0.3710,0.3226
rf,30,420,120,0.590,0.3710,0.3226
rf,30,420,120,0.600,0.3548,0.3387
rf,30,420,120,0.610,0.3226,0.3548
rf,30,420,120,0.620,0.3226,0.3065
rf,30,420,120,0.630,0.3065,0.2742
rf,30,420,120,0.640,0.3065,0.2742
rf,30,420,120,0.650,0.2581,0.2742
rf,30,420,120,0.660,0.2258,0.2581
rf,30,420,120,0.670,0.2097,0.2258
rf,30,420,120,0.680,0.2097,0.1935
rf,30,420,120,0.690,0.1774,0.1613
rf,30,420,120,0.700,0.1290,0.1935
rf,30,420,120,0.710,0.1129,0.1129
rf,30,420,120,0.720,0.0806,0.1290
rf,30,420,120,0.730,0.0645,0.1129
rf,30,420,120,0.740,0.0645,0.0968
rf,30,420,120,0.750,0.0484,0.0968
rf,30,420,120,0.760,0.0323,0.0968
rf,30,420,120,0.770,0.0323,0.0806
rf,30,420,120,0.780,0.0323,0.0645
rf,30,420,120,0.790,0.0161,0.0484
rf,30,420,120,0.800,0.0161,0.0484
rf,30,420,120,0.810,0.0161,0.0161
rf,30,420,120,0.820,0.0161,0.0161
rf,30,420,120,0.830,0.0161,0.0000
rf,30,420,120,0.840,0.0000,0.0161
rf,30,420,120,0.850,0.0000,0.0161
rf,30,420,120,0.860,0.0000,0.0000
rf,30,420,120,0.870,0.0000,0.0000
rf,30,420,120,0.880,0.0000,0.0000
rf,30,420,120,0.890,0.0000,0.0000
rf,30,420,120,0.900,0.0000,0.0000
rf,30,420,120,0.910,0.0000,0.0000
rf,30,420,120,0.920,0.0000,0.0000
rf,30,420,120,0.930,0.0000,0.0000
rf,30,420,120,0.940,0.0000,0.0000
rf,30,420,120,0.950,0.0000,0.0000
rf,30,420,120,0.960,0.0000,0.0000
rf,30,420,120,0.970,0.0000,0.0000
rf,30,420,120,0.980,0.0000,0.0000
rf,30,420,120,0.990,0.0000,0.0000
rf,30,420,120,1.000,0.0000,0.0000
rf,60,180,0,0.000,1.0000,0.0000
rf,60,180,0,0.010,1.0000,0.0000
rf,60,180,0,0.020,1.0000,0.0000
rf,60,180,0,0.030,1.0000,0.0000
rf,60,180,0,0.040,1.0000,0.0000
rf,60,180,0,0.050,1.0000,0.0000
rf,60,180,0,0.060,1.0000,0.0000
rf,60,180,0,0.070,1.0000,0.0000
rf,60,180,0,0.080,1.0000,0.0000
rf,60,180,0,0.090,1.0000,0.0000
rf,60,180,0,0.100,1.0000,0.0000
rf,60,180,0,0.110,1.0000,0.0000
rf,60,180,0,0.120,1.0000,0.0000
rf,60,180,0,0.130,1.0000,0.0000
rf,60,180,0,0.140,1.0000,0.0000
rf,60,180,0,0.150,1.0000,0.0000
rf,60,180,0,0.160,1.0000,0.0000
rf,60,180,0,0.170,1.0000,0.0000
rf,60,180,0,0.180,1.0000,0.0000
rf,60,180,0,0.190,1.0000,0.0000
rf,60,180,0,0.200,1.0000,0.0000
rf,60,180,0,0.210,1.0000,0.0000
rf,60,180,0,0.220,1.0000,0.0000
rf,60,180,0,0.230,1.0000,0.0000
rf,60,180,0,0.240,1.0000,0.0000
rf,60,180,0,0.250,0.9839,0.0161
rf,60,180,0,0.260,0.9677,0.0161
rf,60,180,0,0.270,0.9677,0.0161
rf,60,180,0,0.280,0.9677,0.0161
rf,60,180,0,0.290,0.9677,0.0161
rf,60,180,0,0.300,0.9677,0.0161
rf,60,180,0,0.310,0.9677,0.0161
rf,60,180,0,0.320,0.9516,0.0323
rf,60,180,0,0.330,0.9516,0.0323
rf,60,180,0,0.340,0.9516,0.0323
rf,60,180,0,0.350,0.9032,0.0484
rf,60,180,0,0.360,0.8226,0.0645
rf,60,180,0,0.370,0.8065,0.0806
rf,60,180,0,0.380,0.7903,0.0968
rf,60,180,0,0.390,0.7742,0.0806
rf,60,180,0,0.400,0.7742,0.0806
rf,60,180,0,0.410,0.7581,0.0968
rf,60,180,0,0.420,0.7419,0.1129
rf,60,180,0,0.430,0.7258,0.0968
rf,60,180,0,0.440,0.7097,0.1129
rf,60,180,0,0.450,0.6935,0.0968
rf,60,180,0,0.460,0.6935,0.0806
rf,60,180,0,0.470,0.6935,0.0645
rf,60,180,0,0.480,0.6290,0.0968
rf,60,180,0,0.490,0.6129,0.1129
rf,60,180,0,0.500,0.5645,0.1290
rf,60,180,0,0.510,0.5645,0.0968
rf,60,180,0,0.520,0.5484,0.1129
rf,60,180,0,0.530,0.5323,0.1290
rf,60,180,0,0.540,0.4839,0.1452
rf,60,180,0,0.550,0.4677,0.1452
rf,60,180,0,0.560,0.4355,0.1129
rf,60,180,0,0.570,0.4194,0.0968
rf,60,180,0,0.580,0.3871,0.1129
rf,60,180,0,0.590,0.3710,0.1129
rf,60,180,0,0.600,0.3710,0.0968
rf,60,180,0,0.610,0.3710,0.0806
rf,60,180,0,0.620,0.3387,0.0806
rf,60,180,0,0.630,0.2903,0.1129
rf,60,180,0,0.640,0.2742,0.1129
rf,60,180,0,0.650,0.2258,0.0968
rf,60,180,0,0.660,0.2097,0.0645
rf,60,180,0,0.670,0.1774,0.0806
rf,60,180,0,0.680,0.1452,0.0484
rf,60,180,0,0.690,0.1290,0.0484
rf,60,180,0,0.700,0.0968,0.0484
rf,60,180,0,0.710,0.0484,0.0484
rf,60,180,0,0.720,0.0484,0.0484
rf,60,180,0,0.730,0.0161,0.0161
rf,60,180,0,0.740,0.0000,0.0161
rf,60,180,0,0.750,0.0000,0.0000
rf,60,180,0,0.760,0.0000,0.0000
rf,60,180,0,0.770,0.0000,0.0000
rf,60,180,0,0.780,0.0000,0.0000
rf,60,180,0,0.790,0.0000,0.0000
rf,60,180,0,0.800,0.0000,0.0000
rf,60,180,0,0.810,0.0000,0.0000
rf,60,180,0,0.820,0.0000,0.0000
rf,60,180,0,0.830,0.0000,0.0000
rf,60,180,0,0.840,0.0000,0.0000
rf,60,180,0,0.850,0.0000,0.0000
rf,60,180,0,0.860,0.0000,0.0000
rf,60,180,0,0.870,0.0000,0.0000
rf,60,180,0,0.880,0.0000,0.0000
rf,60,180,0,0.890,0.0000,0.0000
rf,60,180,0,0.900,0.0000,0.0000
rf,60,180,0,0.910,0.0000,0.0000
rf,60,180,0,0.920,0.0000,0.0000
rf,60,180,0,0.930,0.0000,0.0000
rf,60,180,0,0.940,0.0000,0.0000
rf,60,180,0,0.950,0.0000,0.0000
rf,60,180,0,0.960,0.0000,0.0000
rf,60,180,0,0.970,0.0000,0.0000
rf,60,180,0,0.980,0.0000,0.0000
rf,60,180,0,0.990,0.0000,0.0000
rf,60,180,0,1.000,0.0000,0.0000
rf,60,180,30,0.000,1.0000,0.0000
rf,60,180,30,0.010,1.0000,0.0000
rf,60,180,30,0.020,1.0000,0.0000
rf,60,180,30,0.030,1.0000,0.0000
rf,60,180,30,0.040,1.0000,0.0000
rf,60,180,30,0.050,1.0000,0.0000
rf,60,180,30,0.060,1.0000,0.0000
rf,60,180,30,0.070,1.0000,0.0000
rf,60,180,30,0.080,1.0000,0.0000
rf,60,180,30,0.090,1.0000,0.0000
rf,60,180,30,0.100,1.0000,0.0000
rf,60,180,30,0.110,1.0000,0.0000
rf,60,180,30,0.120,1.0000,0.0000
rf,60,180,30,0.130,1.0000,0.0000
rf,60,180,30,0.140,1.0000,0.0000
rf,60,180,30,0.150,1.0000,0.0000
rf,60,180,30,0.160,1.0000,0.0000
rf,60,180,30,0.170,1.0000,0.0000
rf,60,180,30,0.180,1.0000,0.0000
rf,60,180,30,0.190,1.0000,0.0000
rf,60,180,30,0.200,1.0000,0.0000
rf,60,180,30,0.210,1.0000,0.0000
rf,60,180,30,0.220,1.0000,0.0000
rf,60,180,30,0.230,1.0000,0.0000
rf,60,180,30,0.240,1.0000,0.0000
rf,60,180,30,0.250,0.9839,0.0161
rf,60,180,30,0.260,0.9677,0.0161
rf,60,180,30,0.270,0.9677,0.0161
rf,60,180,30,0.280,0.9677,0.0161
rf,60,180,30,0.290,0.9677,0.0161
rf,60,180,30,0.300,0.9677,0.0161
rf,60,180,30,0.310,0.9677,0.0161
rf,60,180,30,0.320,0.9516,0.0323
rf,60,180,30,0.330,0.9516,0.0323
rf,60,180,30,0.340,0.9516,0.0323
rf,60,180,30,0.350,0.9032,0.0484
rf,60,180,30,0.360,0.8226,0.0806
rf,60,180,30,0.370,0.8065,0.0806
rf,60,180,30,0.380,0.7903,0.0968
rf,60,180,30,0.390,0.7742,0.0806
rf,60,180,30,0.400,0.7742,0.0806
rf,60,180,30,0.410,0.7581,0.0968
rf,60,180,30,0.420,0.7419,0.1129
rf,60,180,30,0.430,0.7258,0.0968
rf,60,180,30,0.440,0.7097,0.1129
rf,60,180,30,0.450,0.6935,0.0968
rf,60,180,30,0.460,0.6935,0.0968
rf,60,180,30,0.470,0.6935,0.0806
rf,60,180,30,0.480,0.6290,0.1129
rf,60,180,30,0.490,0.6129,0.1290
rf,60,180,30,0.500,0.5645,0.1613
rf,60,180,30,0.510,0.5645,0.1290
rf,60,180,30,0.520,0.5484,0.1290
rf,60,180,30,0.530,0.5323,0.1452
rf,60,180,30,0.540,0.4839,0.1774
rf,60,180,30,0.550,0.4677,0.1774
rf,60,180,30,0.560,0.4355,0.1774
rf,60,180,30,0.570,0.4194,0.1452
rf,60,180,30,0.580,0.3871,0.1613
rf,60,180,30,0.590,0.3710,0.1452
rf,60,180,30,0.600,0.3710,0.1290
rf,60,180,30,0.610,0.3710,0.0968
rf,60,180,30,0.620,0.3387,0.0968
rf,60,180,30,0.630,0.2903,0.1290
rf,60,180,30,0.640,0.2742,0.1129
rf,60,180,30,0.650,0.2258,0.0968
rf,60,180,30,0.660,0.2097,0.0645
rf,60,180,30,0.670,0.1774,0.0806
rf,60,180,30,0.680,0.1452,0.0484
rf,60,180,30,0.690,0.1290,0.0484
rf,60,180,30,0.700,0.0968,0.0484
rf,60,180,30,0.710,0.0484,0.0484
rf,60,180,30,0.720,0.0484,0.0484
rf,60,180,30,0.730,0.0161,0.0161
rf,60,180,30,0.740,0.0000,0.0161
rf,60,180,30,0.750,0.0000,0.0000
rf,60,180,30,0.760,0.0000,0.0000
rf,60,180,30,0.770,0.0000,0.0000
rf,60,180,30,0.780,0.0000,0.0000
rf,60,180,30,0.790,0.0000,0.0000
rf,60,180,30,0.800,0.0000,0.0000
rf,60,180,30,0.810,0.0000,0.0000
rf,60,180,30,0.820,0.0000,0.0000
rf,60,180,30,0.830,0.0000,0.0000
rf,60,180,30,0.840,0.0000,0.0000
rf,60,180,30,0.850,0.0000,0.0000
rf,60,180,30,0.860,0.0000,0.0000
rf,60,180,30,0.870,0.0000,0.0000
rf,60,180,30,0.880,0.0000,0.0000
rf,60,180,30,0.890,0.0000,0.0000
rf,60,180,30,0.900,0.0000,0.0000
rf,60,180,30,0.910,0.0000,0.0000
rf,60,180,30,0.920,0.0000,0.0000
rf,60,180,30,0.930,0.0000,0.0000
rf,60,180,30,0.940,0.0000,0.0000
rf,60,180,30,0.950,0.0000,0.0000
rf,60,180,30,0.960,0.0000,0.0000
rf,60,180,30,0.970,0.0000,0.0000
rf,60,180,30,0.980,0.0000,0.0000
rf,60,180,30,0.990,0.0000,0.0000
rf,60,180,30,1.000,0.0000,0.0000
rf,60,180,60,0.000,1.0000,0.0000
rf,60,180,60,0.010,1.0000,0.0000
rf,60,180,60,0.020,1.0000,0.0000
rf,60,180,60,0.030,1.0000,0.0000
rf,60,180,60,0.040,1.0000,0.0000
rf,60,180,60,0.050,1.0000,0.0000
rf,60,180,60,0.060,1.0000,0.0000
rf,60,180,60,0.070,1.0000,0.0000
rf,60,180,60,0.080,1.0000,0.0000
rf,60,180,60,0.090,1.0000,0.0000
rf,60,180,60,0.100,1.0000,0.0000
rf,60,180,60,0.110,1.0000,0.0000
rf,60,180,60,0.120,1.0000,0.0000
rf,60,180,60,0.130,1.0000,0.0000
rf,60,180,60,0.140,1.0000,0.0000
rf,60,180,60,0.150,1.0000,0.0000
rf,60,180,60,0.160,1.0000,0.0000
rf,60,180,60,0.170,1.0000,0.0000
rf,60,180,60,0.180,1.0000,0.0000
rf,60,180,60,0.190,1.0000,0.0000
rf,60,180,60,0.200,1.0000,0.0000
rf,60,180,60,0.210,1.0000,0.0000
rf,60,180,60,0.220,1.0000,0.0000
rf,60,180,60,0.230,1.0000,0.0000
rf,60,180,60,0.240,1.0000,0.0000
rf,60,180,60,0.250,0.9839,0.0161
rf,60,180,60,0.260,0.9677,0.0161
rf,60,180,60,0.270,0.9677,0.0161
rf,60,180,60,0.280,0.9677,0.0161
rf,60,180,60,0.290,0.9677,0.0161
rf,60,180,60,0.300,0.9677,0.0161
rf,60,180,60,0.310,0.9677,0.0161
rf,60,180,60,0.320,0.9516,0.0323
rf,60,180,60,0.330,0.9516,0.0323
rf,60,180,60,0.340,0.9516,0.0323
rf,60,180,60,0.350,0.9032,0.0484
rf,60,180,60,0.360,0.8226,0.0806
rf,60,180,60,0.370,0.8065,0.0968
rf,60,180,60,0.380,0.7903,0.1129
rf,60,180,60,0.390,0.7742,0.0968
rf,60,180,60,0.400,0.7742,0.0968
rf,60,180,60,0.410,0.7581,0.1129
rf,60,180,60,0.420,0.7419,0.1290
rf,60,180,60,0.430,0.7258,0.1290
rf,60,180,60,0.440,0.7097,0.1452
rf,60,180,60,0.450,0.6935,0.0968
rf,60,180,60,0.460,0.6935,0.0968
rf,60,180,60,0.470,0.6935,0.0806
rf,60,180,60,0.480,0.6290,0.1129
rf,60,180,60,0.490,0.6129,0.1290
rf,60,180,60,0.500,0.5645,0.1613
rf,60,180,60,0.510,0.5645,0.1290
rf,60,180,60,0.520,0.5484,0.1452
rf,60,180,60,0.530,0.5323,0.1613
rf,60,180,60,0.540,0.4839,0.1935
rf,60,180,60,0.550,0.4677,0.1935
rf,60,180,60,0.560,0.4355,0.1774
rf,60,180,60,0.570,0.4194,0.1613
rf,60,180,60,0.580,0.3871,0.1774
rf,60,180,60,0.590,0.3710,0.1774
rf,60,180,60,0.600,0.3710,0.1613
rf,60,180,60,0.610,0.3710,0.1290
rf,60,180,60,0.620,0.3387,0.1290
rf,60,180,60,0.630,0.2903,0.1452
rf,60,180,60,0.640,0.2742,0.1129
rf,60,180,60,0.650,0.2258,0.0968
rf,60,180,60,0.660,0.2097,0.0645
rf,60,180,60,0.670,0.1774,0.0806
rf,60,180,60,0.680,0.1452,0.0484
rf,60,180,60,0.690,0.1290,0.0484
rf,60,180,60,0.700,0.0968,0.0484
rf,60,180,60,0.710,0.0484,0.0484
rf,60,180,60,0.720,0.0484,0.0484
rf,60,180,60,0.730,0.0161,0.0161
rf,60,180,60,0.740,0.0000,0.0161
rf,60,180,60,0.750,0.0000,0.0000
rf,60,180,60,0.760,0.0000,0.0000
rf,60,180,60,0.770,0.0000,0.0000
rf,60,180,60,0.780,0.0000,0.0000
rf,60,180,60,0.790,0.0000,0.0000
rf,60,180,60,0.800,0.0000,0.0000
rf,60,180,60,0.810,0.0000,0.0000
rf,60,180,60,0.820,0.0000,0.0000
rf,60,180,60,0.830,0.0000,0.0000
rf,60,180,60,0.840,0.0000,0.0000
rf,60,180,60,0.850,0.0000,0.0000
rf,60,180,60,0.860,0.0000,0.0000
rf,60,180,60,0.870,0.0000,0.0000
rf,60,180,60,0.880,0.0000,0.0000
rf,60,180,60,0.890,0.0000,0.0000
rf,60,180,60,0.900,0.0000,0.0000
rf,60,180,60,0.910,0.0000,0.0000
rf,60,180,60,0.920,0.0000,0.0000
rf,60,180,60,0.930,0.0000,0.0000
rf,60,180,60,0.940,0.0000,0.0000
rf,60,180,60,0.950,0.0000,0.0000
rf,60,180,60,0.960,0.0000,0.0000
rf,60,180,60,0.970,0.0000,0.0000
rf,60,180,60,0.980,0.0000,0.0000
rf,60,180,60,0.990,0.0000,0.0000
rf,60,180,60,1.000,0.0000,0.0000
rf,60,180,120,0.000,1.0000,0.0000
rf,60,180,120,0.010,1.0000,0.0000
rf,60,180,120,0.020,1.0000,0.0000
rf,60,180,120,0.030,1.0000,0.0000
rf,60,180,120,0.040,1.0000,0.0000
rf,60,180,120,0.050,1.0000,0.0000
rf,60,180,120,0.060,1.0000,0.0000
rf,60,180,120,0.070,1.0000,0.0000
rf,60,180,120,0.080,1.0000,0.0000
rf,60,180,120,0.090,1.0000,0.0000
rf,60,180,120,0.100,1.0000,0.0000
rf,60,180,120,0.110,1.0000,0.0000
rf,60,180,120,0.120,1.0000,0.0000
rf,60,180,120,0.130,1.0000,0.0000
rf,60,180,120,0.140,1.0000,0.0000
rf,60,180,120,0.150,1.0000,0.0000
rf,60,180,120,0.160,1.0000,0.0000
rf,60,180,120,0.170,1.0000,0.0000
rf,60,180,120,0.180,1.0000,0.0000
rf,60,180,120,0.190,1.0000,0.0000
rf,60,180,120,0.200,1.0000,0.0000
rf,60,180,120,0.210,1.0000,0.0000
rf,60,180,120,0.220,1.0000,0.0000
rf,60,180,120,0.230,1.0000,0.0000
rf,60,180,120,0.240,1.0000,0.0000
rf,60,180,120,0.250,0.9839,0.0161
rf,60,180,120,0.260,0.9677,0.0161
rf,60,180,120,0.270,0.9677,0.0161
rf,60,180,120,0.280,0.9677,0.0161
rf,60,180,120,0.290,0.9677,0.0161
rf,60,180,120,0.300,0.9677,0.0161
rf,60,180,120,0.310,0.9677,0.0161
rf,60,180,120,0.320,0.9516,0.0323
rf,60,180,120,0.330,0.9516,0.0323
rf,60,180,120,0.340,0.9516,0.0323
rf,60,180,120,0.350,0.9032,0.0484
rf,60,180,120,0.360,0.8226,0.1129
rf,60,180,120,0.370,0.8065,0.0968
rf,60,180,120,0.380,0.7903,0.1129
rf,60,180,120,0.390,0.7742,0.0968
rf,60,180,120,0.400,0.7742,0.0968
rf,60,180,120,0.410,0.7581,0.1129
rf,60,180,120,0.420,0.7419,0.1290
rf,60,180,120,0.430,0.7258,0.1290
rf,60,180,120,0.440,0.7097,0.1452
rf,60,180,120,0.450,0.6935,0.1452
rf,60,180,120,0.460,0.6935,0.1290
rf,60,180,120,0.470,0.6935,0.1129
rf,60,180,120,0.480,0.6290,0.1452
rf,60,180,120,0.490,0.6129,0.1613
rf,60,180,120,0.500,0.5645,0.1935
rf,60,180,120,0.510,0.5645,0.1613
rf,60,180,120,0.520,0.5484,0.1774
rf,60,180,120,0.530,0.5323,0.1935
rf,60,180,120,0.540,0.4839,0.2097
rf,60,180,120,0.550,0.4677,0.2258
rf,60,180,120,0.560,0.4355,0.2258
rf,60,180,120,0.570,0.4194,0.2097
rf,60,180,120,0.580,0.3871,0.2097
rf,60,180,120,0.590,0.3710,0.2097
rf,60,180,120,0.600,0.3710,0.1774
rf,60,180,120,0.610,0.3710,0.1452
rf,60,180,120,0.620,0.3387,0.1452
rf,60,180,120,0.630,0.2903,0.1613
rf,60,180,120,0.640,0.2742,0.1129
rf,60,180,120,0.650,0.2258,0.0968
rf,60,180,120,0.660,0.2097,0.0645
rf,60,180,120,0.670,0.1774,0.0806
rf,60,180,120,0.680,0.1452,0.0484
rf,60,180,120,0.690,0.1290,0.0484
rf,60,180,120,0.700,0.0968,0.0484
rf,60,180,120,0.710,0.0484,0.0484
rf,60,180,120,0.720,0.0484,0.0484
rf,60,180,120,0.730,0.0161,0.0323
rf,60,180,120,0.740,0.0000,0.0323
rf,60,180,120,0.750,0.0000,0.0161
rf,60,180,120,0.760,0.0000,0.0161
rf,60,180,120,0.770,0.0000,0.0161
rf,60,180,120,0.780,0.0000,0.0161
rf,60,180,120,0.790,0.0000,0.0161
rf,60,180,120,0.800,0.0000,0.0161
rf,60,180,120,0.810,0.0000,0.0161
rf,60,180,120,0.820,0.0000,0.0161
rf,60,180,120,0.830,0.0000,0.0161
rf,60,180,120,0.840,0.0000,0.0161
rf,60,180,120,0.850,0.0000,0.0000
rf,60,180,120,0.860,0.0000,0.0000
rf,60,180,120,0.870,0.0000,0.0000
rf,60,180,120,0.880,0.0000,0.0000
rf,60,180,120,0.890,0.0000,0.0000
rf,60,180,120,0.900,0.0000,0.0000
rf,60,180,120,0.910,0.0000,0.0000
rf,60,180,120,0.920,0.0000,0.0000
rf,60,180,120,0.930,0.0000,0.0000
rf,60,180,120,0.940,0.0000,0.0000
rf,60,180,120,0.950,0.0000,0.0000
rf,60,180,120,0.960,0.0000,0.0000
rf,60,180,120,0.970,0.0000,0.0000
rf,60,180,120,0.980,0.0000,0.0000
rf,60,180,120,0.990,0.0000,0.0000
rf,60,180,120,1.000,0.0000,0.0000
rf,60,300,0,0.000,0.9516,0.0484
rf,60,300,0,0.010,0.9516,0.0484
rf,60,300,0,0.020,0.9516,0.0484
rf,60,300,0,0.030,0.9516,0.0484
rf,60,300,0,0.040,0.9516,0.0484
rf,60,300,0,0.050,0.9516,0.0484
rf,60,300,0,0.060,0.9516,0.0484
rf,60,300,0,0.070,0.9516,0.0484
rf,60,300,0,0.080,0.9516,0.0484
rf,60,300,0,0.090,0.9516,0.0484
rf,60,300,0,0.100,0.9516,0.0484
rf,60,300,0,0.110,0.9516,0.0484
rf,60,300,0,0.120,0.9516,0.0484
rf,60,300,0,0.130,0.9516,0.0484
rf,60,300,0,0.140,0.9516,0.0484
rf,60,300,0,0.150,0.9355,0.0645
rf,60,300,0,0.160,0.9355,0.0645
rf,60,300,0,0.170,0.9194,0.0806
rf,60,300,0,0.180,0.9194,0.0806
rf,60,300,0,0.190,0.9194,0.0806
rf,60,300,0,0.200,0.9194,0.0806
rf,60,300,0,0.210,0.9194,0.0806
rf,60,300,0,0.220,0.9194,0.0806
rf,60,300,0,0.230,0.9032,0.0968
rf,60,300,0,0.240,0.9032,0.0968
rf,60,300,0,0.250,0.8871,0.1129
rf,60,300,0,0.260,0.8710,0.1129
rf,60,300,0,0.270,0.8710,0.1129
rf,60,300,0,0.280,0.8710,0.1129
rf,60,300,0,0.290,0.8548,0.1290
rf,60,300,0,0.300,0.8387,0.1452
rf,60,300,0,0.310,0.8387,0.1452
rf,60,300,0,0.320,0.8065,0.1774
rf,60,300,0,0.330,0.8065,0.1774
rf,60,300,0,0.340,0.7903,0.1935
rf,60,300,0,0.350,0.7419,0.2097
rf,60,300,0,0.360,0.7258,0.1613
rf,60,300,0,0.370,0.7097,0.1774
rf,60,300,0,0.380,0.7097,0.1774
rf,60,300,0,0.390,0.6774,0.1774
rf,60,300,0,0.400,0.6613,0.1935
rf,60,300,0,0.410,0.6452,0.2097
rf,60,300,0,0.420,0.6129,0.2419
rf,60,300,0,0.430,0.5806,0.2419
rf,60,300,0,0.440,0.5806,0.2419
rf,60,300,0,0.450,0.5484,0.2419
rf,60,300,0,0.460,0.5484,0.2258
rf,60,300,0,0.470,0.5323,0.2258
rf,60,300,0,0.480,0.5000,0.2258
rf,60,300,0,0.490,0.4677,0.2581
rf,60,300,0,0.500,0.4516,0.2419
rf,60,300,0,0.510,0.4355,0.2258
rf,60,300,0,0.520,0.4355,0.2258
rf,60,300,0,0.530,0.4194,0.2419
rf,60,300,0,0.540,0.3871,0.2419
rf,60,300,0,0.550,0.3710,0.2419
rf,60,300,0,0.560,0.3226,0.2258
rf,60,300,0,0.570,0.3065,0.2097
rf,60,300,0,0.580,0.2742,0.2258
rf,60,300,0,0.590,0.2581,0.2258
rf,60,300,0,0.600,0.2581,0.2097
rf,60,300,0,0.610,0.2581,0.1935
rf,60,300,0,0.620,0.2258,0.1935
rf,60,300,0,0.630,0.2097,0.1935
rf,60,300,0,0.640,0.1935,0.1935
rf,60,300,0,0.650,0.1613,0.1613
rf,60,300,0,0.660,0.1452,0.1290
rf,60,300,0,0.670,0.1290,0.1290
rf,60,300,0,0.680,0.1129,0.0806
rf,60,300,0,0.690,0.1129,0.0645
rf,60,300,0,0.700,0.0806,0.0645
rf,60,300,0,0.710,0.0323,0.0645
rf,60,300,0,0.720,0.0323,0.0645
rf,60,300,0,0.730,0.0000,0.0323
rf,60,300,0,0.740,0.0000,0.0161
rf,60,300,0,0.750,0.0000,0.0000
rf,60,300,0,0.760,0.0000,0.0000
rf,60,300,0,0.770,0.0000,0.0000
rf,60,300,0,0.780,0.0000,0.0000
rf,60,300,0,0.790,0.0000,0.0000
rf,60,300,0,0.800,0.0000,0.0000
rf,60,300,0,0.810,0.0000,0.0000
rf,60,300,0,0.820,0.0000,0.0000
rf,60,300,0,0.830,0.0000,0.0000
rf,60,300,0,0.840,0.0000,0.0000
rf,60,300,0,0.850,0.0000,0.0000
rf,60,300,0,0.860,0.0000,0.0000
rf,60,300,0,0.870,0.0000,0.0000
rf,60,300,0,0.880,0.0000,0.0000
rf,60,300,0,0.890,0.0000,0.0000
rf,60,300,0,0.900,0.0000,0.0000
rf,60,300,0,0.910,0.0000,0.0000
rf,60,300,0,0.920,0.0000,0.0000
rf,60,300,0,0.930,0.0000,0.0000
rf,60,300,0,0.940,0.0000,0.0000
rf,60,300,0,0.950,0.0000,0.0000
rf,60,300,0,0.960,0.0000,0.0000
rf,60,300,0,0.970,0.0000,0.0000
rf,60,300,0,0.980,0.0000,0.0000
rf,60,300,0,0.990,0.0000,0.0000
rf,60,300,0,1.000,0.0000,0.0000
rf,60,300,30,0.000,0.9516,0.0484
rf,60,300,30,0.010,0.9516,0.0484
rf,60,300,30,0.020,0.9516,0.0484
rf,60,300,30,0.030,0.9516,0.0484
rf,60,300,30,0.040,0.9516,0.0484
rf,60,300,30,0.050,0.9516,0.0484
rf,60,300,30,0.060,0.9516,0.0484
rf,60,300,30,0.070,0.9516,0.0484
rf,60,300,30,0.080,0.9516,0.0484
rf,60,300,30,0.090,0.9516,0.0484
rf,60,300,30,0.100,0.9516,0.0484
rf,60,300,30,0.110,0.9516,0.0484
rf,60,300,30,0.120,0.9516,0.0484
rf,60,300,30,0.130,0.9516,0.0484
rf,60,300,30,0.140,0.9516,0.0484
rf,60,300,30,0.150,0.9355,0.0645
rf,60,300,30,0.160,0.9355,0.0645
rf,60,300,30,0.170,0.9194,0.0806
rf,60,300,30,0.180,0.9194,0.0806
rf,60,300,30,0.190,0.9194,0.0806
rf,60,300,30,0.200,0.9194,0.0806
rf,60,300,30,0.210,0.9194,0.0806
rf,60,300,30,0.220,0.9194,0.0806
rf,60,300,30,0.230,0.9032,0.0968
rf,60,300,30,0.240,0.9032,0.0968
rf,60,300,30,0.250,0.8871,0.1129
rf,60,300,30,0.260,0.8710,0.1129
rf,60,300,30,0.270,0.8710,0.1129
rf,60,300,30,0.280,0.8710,0.1129
rf,60,300,30,0.290,0.8548,0.1290
rf,60,300,30,0.300,0.8387,0.1452
rf,60,300,30,0.310,0.8387,0.1452
rf,60,300,30,0.320,0.8065,0.1774
rf,60,300,30,0.330,0.8065,0.1774
rf,60,300,30,0.340,0.7903,0.1935
rf,60,300,30,0.350,0.7419,0.2097
rf,60,300,30,0.360,0.7258,0.1774
rf,60,300,30,0.370,0.7097,0.1774
rf,60,300,30,0.380,0.7097,0.1774
rf,60,300,30,0.390,0.6774,0.1774
rf,60,300,30,0.400,0.6613,0.1935
rf,60,300,30,0.410,0.6452,0.2097
rf,60,300,30,0.420,0.6129,0.2419
rf,60,300,30,0.430,0.5806,0.2419
rf,60,300,30,0.440,0.5806,0.2419
rf,60,300,30,0.450,0.5484,0.2419
rf,60,300,30,0.460,0.5484,0.2419
rf,60,300,30,0.470,0.5323,0.2419
rf,60,300,30,0.480,0.5000,0.2419
rf,60,300,30,0.490,0.4677,0.2742
rf,60,300,30,0.500,0.4516,0.2742
rf,60,300,30,0.510,0.4355,0.2581
rf,60,300,30,0.520,0.4355,0.2419
rf,60,300,30,0.530,0.4194,0.2581
rf,60,300,30,0.540,0.3871,0.2742
rf,60,300,30,0.550,0.3710,0.2742
rf,60,300,30,0.560,0.3226,0.2903
rf,60,300,30,0.570,0.3065,0.2581
rf,60,300,30,0.580,0.2742,0.2742
rf,60,300,30,0.590,0.2581,0.2581
rf,60,300,30,0.600,0.2581,0.2419
rf,60,300,30,0.610,0.2581,0.2097
rf,60,300,30,0.620,0.2258,0.2097
rf,60,300,30,0.630,0.2097,0.2097
rf,60,300,30,0.640,0.1935,0.1935
rf,60,300,30,0.650,0.1613,0.1613
rf,60,300,30,0.660,0.1452,0.1290
rf,60,300,30,0.670,0.1290,0.1290
rf,60,300,30,0.680,0.1129,0.0806
rf,60,300,30,0.690,0.1129,0.0645
rf,60,300,30,0.700,0.0806,0.0645
rf,60,300,30,0.710,0.0323,0.0645
rf,60,300,30,0.720,0.0323,0.0645
rf,60,300,30,0.730,0.0000,0.0323
rf,60,300,30,0.740,0.0000,0.0161
rf,60,300,30,0.750,0.0000,0.0000
rf,60,300,30,0.760,0.0000,0.0000
rf,60,300,30,0.770,0.0000,0.0000
rf,60,300,30,0.780,0.0000,0.0000
rf,60,300,30,0.790,0.0000,0.0000
rf,60,300,30,0.800,0.0000,0.0000
rf,60,300,30,0.810,0.0000,0.0000
rf,60,300,30,0.820,0.0000,0.0000
rf,60,300,30,0.830,0.0000,0.0000
rf,60,300,30,0.840,0.0000,0.0000
rf,60,300,30,0.850,0.0000,0.0000
rf,60,300,30,0.860,0.0000,0.0000
rf,60,300,30,0.870,0.0000,0.0000
rf,60,300,30,0.880,0.0000,0.0000
rf,60,300,30,0.890,0.0000,0.0000
rf,60,300,30,0.900,0.0000,0.0000
rf,60,300,30,0.910,0.0000,0.0000
rf,60,300,30,0.920,0.0000,0.0000
rf,60,300,30,0.930,0.0000,0.0000
rf,60,300,30,0.940,0.0000,0.0000
rf,60,300,30,0.950,0.0000,0.0000
rf,60,300,30,0.960,0.0000,0.0000
rf,60,300,30,0.970,0.0000,0.0000
rf,60,300,30,0.980,0.0000,0.0000
rf,60,300,30,0.990,0.0000,0.0000
rf,60,300,30,1.000,0.0000,0.0000
rf,60,300,60,0.000,0.9516,0.0484
rf,60,300,60,0.010,0.9516,0.0484
rf,60,300,60,0.020,0.9516,0.0484
rf,60,300,60,0.030,0.9516,0.0484
rf,60,300,60,0.040,0.9516,0.0484
rf,60,300,60,0.050,0.9516,0.0484
rf,60,300,60,0.060,0.9516,0.0484
rf,60,300,60,0.070,0.9516,0.0484
rf,60,300,60,0.080,0.9516,0.0484
rf,60,300,60,0.090,0.9516,0.0484
rf,60,300,60,0.100,0.9516,0.0484
rf,60,300,60,0.110,0.9516,0.0484
rf,60,300,60,0.120,0.9516,0.0484
rf,60,300,60,0.130,0.9516,0.0484
rf,60,300,60,0.140,0.9516,0.0484
rf,60,300,60,0.150,0.9355,0.0645
rf,60,300,60,0.160,0.9355,0.0645
rf,60,300,60,0.170,0.9194,0.0806
rf,60,300,60,0.180,0.9194,0.0806
rf,60,300,60,0.190,0.9194,0.0806
rf,60,300,60,0.200,0.9194,0.0806
rf,60,300,60,0.210,0.9194,0.0806
rf,60,300,60,0.220,0.9194,0.0806
rf,60,300,60,0.230,0.9032,0.0968
rf,60,300,60,0.240,0.9032,0.0968
rf,60,300,60,0.250,0.8871,0.1129
rf,60,300,60,0.260,0.8710,0.1129
rf,60,300,60,0.270,0.8710,0.1129
rf,60,300,60,0.280,0.8710,0.1129
rf,60,300,60,0.290,0.8548,0.1290
rf,60,300,60,0.300,0.8387,0.1452
rf,60,300,60,0.310,0.8387,0.1452
rf,60,300,60,0.320,0.8065,0.1774
rf,60,300,60,0.330,0.8065,0.1774
rf,60,300,60,0.340,0.7903,0.1935
rf,60,300,60,0.350,0.7419,0.2097
rf,60,300,60,0.360,0.7258,0.1774
rf,60,300,60,0.370,0.7097,0.1935
rf,60,300,60,0.380,0.7097,0.1935
rf,60,300,60,0.390,0.6774,0.1935
rf,60,300,60,0.400,0.6613,0.2097
rf,60,300,60,0.410,0.6452,0.2258
rf,60,300,60,0.420,0.6129,0.2581
rf,60,300,60,0.430,0.5806,0.2742
rf,60,300,60,0.440,0.5806,0.2742
rf,60,300,60,0.450,0.5484,0.2419
rf,60,300,60,0.460,0.5484,0.2419
rf,60,300,60,0.470,0.5323,0.2419
rf,60,300,60,0.480,0.5000,0.2419
rf,60,300,60,0.490,0.4677,0.2742
rf,60,300,60,0.500,0.4516,0.2742
rf,60,300,60,0.510,0.4355,0.2581
rf,60,300,60,0.520,0.4355,0.2581
rf,60,300,60,0.530,0.4194,0.2742
rf,60,300,60,0.540,0.3871,0.2903
rf,60,300,60,0.550,0.3710,0.2903
rf,60,300,60,0.560,0.3226,0.2903
rf,60,300,60,0.570,0.3065,0.2742
rf,60,300,60,0.580,0.2742,0.2903
rf,60,300,60,0.590,0.2581,0.2903
rf,60,300,60,0.600,0.2581,0.2742
rf,60,300,60,0.610,0.2581,0.2419
rf,60,300,60,0.620,0.2258,0.2419
rf,60,300,60,0.630,0.2097,0.2258
rf,60,300,60,0.640,0.1935,0.1935
rf,60,300,60,0.650,0.1613,0.1613
rf,60,300,60,0.660,0.1452,0.1290
rf,60,300,60,0.670,0.1290,0.1290
rf,60,300,60,0.680,0.1129,0.0806
rf,60,300,60,0.690,0.1129,0.0645
rf,60,300,60,0.700,0.0806,0.0645
rf,60,300,60,0.710,0.0323,0.0645
rf,60,300,60,0.720,0.0323,0.0645
rf,60,300,60,0.730,0.0000,0.0323
rf,60,300,60,0.740,0.0000,0.0161
rf,60,300,60,0.750,0.0000,0.0000
rf,60,300,60,0.760,0.0000,0.0000
rf,60,300,60,0.770,0.0000,0.0000
rf,60,300,60,0.780,0.0000,0.0000
rf,60,300,60,0.790,0.0000,0.0000
rf,60,300,60,0.800,0.0000,0.0000
rf,60,300,60,0.810,0.0000,0.0000
rf,60,300,60,0.820,0.0000,0.0000
rf,60,300,60,0.830,0.0000,0.0000
rf,60,300,60,0.840,0.0000,0.0000
rf,60,300,60,0.850,0.0000,0.0000
rf,60,300,60,0.860,0.0000,0.0000
rf,60,300,60,0.870,0.0000,0.0000
rf,60,300,60,0.880,0.0000,0.0000
rf,60,300,60,0.890,0.0000,0.0000
rf,60,300,60,0.900,0.0000,0.0000
rf,60,300,60,0.910,0.0000,0.0000
rf,60,300,60,0.920,0.0000,0.0000
rf,60,300,60,0.930,0.0000,0.0000
rf,60,300,60,0.940,0.0000,0.0000
rf,60,300,60,0.950,0.0000,0.0000
rf,60,300,60,0.960,0.0000,0.0000
rf,60,300,60,0.970,0.0000,0.0000
rf,60,300,60,0.980,0.0000,0.0000
rf,60,300,60,0.990,0.0000,0.0000
rf,60,300,60,1.000,0.0000,0.0000
rf,60,300,120,0.000,0.9516,0.0484
rf,60,300,120,0.010,0.9516,0.0484
rf,60,300,120,0.020,0.9516,0.0484
rf,60,300,120,0.030,0.9516,0.0484
rf,60,300,120,0.040,0.9516,0.0484
rf,60,300,120,0.050,0.9516,0.0484
rf,60,300,120,0.060,0.9516,0.0484
rf,60,300,120,0.070,0.9516,0.0484
rf,60,300,120,0.080,0.9516,0.0484
rf,60,300,120,0.090,0.9516,0.0484
rf,60,300,120,0.100,0.9516,0.0484
rf,60,300,120,0.110,0.9516,0.0484
rf,60,300,120,0.120,0.9516,0.0484
rf,60,300,120,0.130,0.9516,0.0484
rf,60,300,120,0.140,0.9516,0.0484
rf,60,300,120,0.150,0.9355,0.0645
rf,60,300,120,0.160,0.9355,0.0645
rf,60,300,120,0.170,0.9194,0.0806
rf,60,300,120,0.180,0.9194,0.0806
rf,60,300,120,0.190,0.9194,0.0806
rf,60,300,120,0.200,0.9194,0.0806
rf,60,300,120,0.210,0.9194,0.0806
rf,60,300,120,0.220,0.9194,0.0806
rf,60,300,120,0.230,0.9032,0.0968
rf,60,300,120,0.240,0.9032,0.0968
rf,60,300,120,0.250,0.8871,0.1129
rf,60,300,120,0.260,0.8710,0.1129
rf,60,300,120,0.270,0.8710,0.1129
rf,60,300,120,0.280,0.8710,0.1129
rf,60,300,120,0.290,0.8548,0.1290
rf,60,300,120,0.300,0.8387,0.1452
rf,60,300,120,0.310,0.8387,0.1452
rf,60,300,120,0.320,0.8065,0.1774
rf,60,300,120,0.330,0.8065,0.1774
rf,60,300,120,0.340,0.7903,0.1935
rf,60,300,120,0.350,0.7419,0.2097
rf,60,300,120,0.360,0.7258,0.2097
rf,60,300,120,0.370,0.7097,0.1935
rf,60,300,120,0.380,0.7097,0.1935
rf,60,300,120,0.390,0.6774,0.1935
rf,60,300,120,0.400,0.6613,0.2097
rf,60,300,120,0.410,0.6452,0.2258
rf,60,300,120,0.420,0.6129,0.2581
rf,60,300,120,0.430,0.5806,0.2742
rf,60,300,120,0.440,0.5806,0.2742
rf,60,300,120,0.450,0.5484,0.2903
rf,60,300,120,0.460,0.5484,0.2742
rf,60,300,120,0.470,0.5323,0.2742
rf,60,300,120,0.480,0.5000,0.2742
rf,60,300,120,0.490,0.4677,0.3065
rf,60,300,120,0.500,0.4516,0.3065
rf,60,300,120,0.510,0.4355,0.2903
rf,60,300,120,0.520,0.4355,0.2903
rf,60,300,120,0.530,0.4194,0.3065
rf,60,300,120,0.540,0.3871,0.3065
rf,60,300,120,0.550,0.3710,0.3226
rf,60,300,120,0.560,0.3226,0.3387
rf,60,300,120,0.570,0.3065,0.3226
rf,60,300,120,0.580,0.2742,0.3226
rf,60,300,120,0.590,0.2581,0.3226
rf,60,300,120,0.600,0.2581,0.2903
rf,60,300,120,0.610,0.2581,0.2581
rf,60,300,120,0.620,0.2258,0.2581
rf,60,300,120,0.630,0.2097,0.2419
rf,60,300,120,0.640,0.1935,0.1935
rf,60,300,120,0.650,0.1613,0.1613
rf,60,300,120,0.660,0.1452,0.1290
rf,60,300,120,0.670,0.1290,0.1290
rf,60,300,120,0.680,0.1129,0.0806
rf,60,300,120,0.690,0.1129,0.0645
rf,60,300,120,0.700,0.0806,0.0645
rf,60,300,120,0.710,0.0323,0.0645
rf,60,300,120,0.720,0.0323,0.0645
rf,60,300,120,0.730,0.0000,0.0484
rf,60,300,120,0.740,0.0000,0.0323
rf,60,300,120,0.750,0.0000,0.0161
rf,60,300,120,0.760,0.0000,0.0161
rf,60,300,120,0.770,0.0000,0.0161
rf,60,300,120,0.780,0.0000,0.0161
rf,60,300,120,0.790,0.0000,0.0161
rf,60,300,120,0.800,0.0000,0.0161
rf,60,300,120,0.810,0.0000,0.0161
rf,60,300,120,0.820,0.0000,0.0161
rf,60,300,120,0.830,0.0000,0.0161
rf,60,300,120,0.840,0.0000,0.0161
rf,60,300,120,0.850,0.0000,0.0000
rf,60,300,120,0.860,0.0000,0.0000
rf,60,300,120,0.870,0.0000,0.0000
rf,60,300,120,0.880,0.0000,0.0000
rf,60,300,120,0.890,0.0000,0.0000
rf,60,300,120,0.900,0.0000,0.0000
rf,60,300,120,0.910,0.0000,0.0000
rf,60,300,120,0.920,0.0000,0.0000
rf,60,300,120,0.930,0.0000,0.0000
rf,60,300,120,0.940,0.0000,0.0000
rf,60,300,120,0.950,0.0000,0.0000
rf,60,300,120,0.960,0.0000,0.0000
rf,60,300,120,0.970,0.0000,0.0000
rf,60,300,120,0.980,0.0000,0.0000
rf,60,300,120,0.990,0.0000,0.0000
rf,60,300,120,1.000,0.0000,0.0000
rf,60,420,0,0.000,0.8871,0.1129
rf,60,420,0,0.010,0.8871,0.1129
rf,60,420,0,0.020,0.8871,0.1129
rf,60,420,0,0.030,0.8871,0.1129
rf,60,420,0,0.040,0.8871,0.1129
rf,60,420,0,0.050,0.8871,0.1129
rf,60,420,0,0.060,0.8871,0.1129
rf,60,420,0,0.070,0.8871,0.1129
rf,60,420,0,0.080,0.8871,0.1129
rf,60,420,0,0.090,0.8871,0.1129
rf,60,420,0,0.100,0.8871,0.1129
rf,60,420,0,0.110,0.8871,0.1129
rf,60,420,0,0.120,0.8871,0.1129
rf,60,420,0,0.130,0.8871,0.1129
rf,60,420,0,0.140,0.8710,0.1290
rf,60,420,0,0.150,0.8710,0.1290
rf,60,420,0,0.160,0.8710,0.1290
rf,60,420,0,0.170,0.8710,0.1290
rf,60,420,0,0.180,0.8710,0.1290
rf,60,420,0,0.190,0.8710,0.1290
rf,60,420,0,0.200,0.8710,0.1290
rf,60,420,0,0.210,0.8710,0.1290
rf,60,420,0,0.220,0.8710,0.1290
rf,60,420,0,0.230,0.8548,0.1452
rf,60,420,0,0.240,0.8548,0.1452
rf,60,420,0,0.250,0.8387,0.1613
rf,60,420,0,0.260,0.7903,0.1935
rf,60,420,0,0.270,0.7742,0.2097
rf,60,420,0,0.280,0.7581,0.2258
rf,60,420,0,0.290,0.7419,0.2419
rf,60,420,0,0.300,0.7258,0.2581
rf,60,420,0,0.310,0.7258,0.2581
rf,60,420,0,0.320,0.7258,0.2581
rf,60,420,0,0.330,0.7258,0.2581
rf,60,420,0,0.340,0.6935,0.2903
rf,60,420,0,0.350,0.6774,0.2742
rf,60,420,0,0.360,0.6774,0.2097
rf,60,420,0,0.370,0.6774,0.2097
rf,60,420,0,0.380,0.6613,0.2258
rf,60,420,0,0.390,0.5968,0.2581
rf,60,420,0,0.400,0.5806,0.2742
rf,60,420,0,0.410,0.5484,0.3065
rf,60,420,0,0.420,0.5323,0.3226
rf,60,420,0,0.430,0.5000,0.3226
rf,60,420,0,0.440,0.4839,0.3387
rf,60,420,0,0.450,0.4677,0.3226
rf,60,420,0,0.460,0.4677,0.3065
rf,60,420,0,0.470,0.4516,0.3065
rf,60,420,0,0.480,0.4194,0.3065
rf,60,420,0,0.490,0.3871,0.3387
rf,60,420,0,0.500,0.3548,0.3387
rf,60,420,0,0.510,0.3387,0.3226
rf,60,420,0,0.520,0.3387,0.3226
rf,60,420,0,0.530,0.3226,0.3387
rf,60,420,0,0.540,0.2903,0.3387
rf,60,420,0,0.550,0.2903,0.3226
rf,60,420,0,0.560,0.2903,0.2581
rf,60,420,0,0.570,0.2903,0.2258
rf,60,420,0,0.580,0.2419,0.2581
rf,60,420,0,0.590,0.2258,0.2581
rf,60,420,0,0.600,0.2258,0.2419
rf,60,420,0,0.610,0.2258,0.2258
rf,60,420,0,0.620,0.1935,0.2258
rf,60,420,0,0.630,0.1774,0.2258
rf,60,420,0,0.640,0.1290,0.2581
rf,60,420,0,0.650,0.0968,0.2258
rf,60,420,0,0.660,0.0806,0.1935
rf,60,420,0,0.670,0.0806,0.1774
rf,60,420,0,0.680,0.0806,0.1129
rf,60,420,0,0.690,0.0806,0.0968
rf,60,420,0,0.700,0.0484,0.0968
rf,60,420,0,0.710,0.0161,0.0806
rf,60,420,0,0.720,0.0161,0.0806
rf,60,420,0,0.730,0.0000,0.0323
rf,60,420,0,0.740,0.0000,0.0161
rf,60,420,0,0.750,0.0000,0.0000
rf,60,420,0,0.760,0.0000,0.0000
rf,60,420,0,0.770,0.0000,0.0000
rf,60,420,0,0.780,0.0000,0.0000
rf,60,420,0,0.790,0.0000,0.0000
rf,60,420,0,0.800,0.0000,0.0000
rf,60,420,0,0.810,0.0000,0.0000
rf,60,420,0,0.820,0.0000,0.0000
rf,60,420,0,0.830,0.0000,0.0000
rf,60,420,0,0.840,0.0000,0.0000
rf,60,420,0,0.850,0.0000,0.0000
rf,60,420,0,0.860,0.0000,0.0000
rf,60,420,0,0.870,0.0000,0.0000
rf,60,420,0,0.880,0.0000,0.0000
rf,60,420,0,0.890,0.0000,0.0000
rf,60,420,0,0.900,0.0000,0.0000
rf,60,420,0,0.910,0.0000,0.0000
rf,60,420,0,0.920,0.0000,0.0000
rf,60,420,0,0.930,0.0000,0.0000
rf,60,420,0,0.940,0.0000,0.0000
rf,60,420,0,0.950,0.0000,0.0000
rf,60,420,0,0.960,0.0000,0.0000
rf,60,420,0,0.970,0.0000,0.0000
rf,60,420,0,0.980,0.0000,0.0000
rf,60,420,0,0.990,0.0000,0.0000
rf,60,420,0,1.000,0.0000,0.0000
rf,60,420,30,0.000,0.8871,0.1129
rf,60,420,30,0.010,0.8871,0.1129
rf,60,420,30,0.020,0.8871,0.1129
rf,60,420,30,0.030,0.8871,0.1129
rf,60,420,30,0.040,0.8871,0.1129
rf,60,420,30,0.050,0.8871,0.1129
rf,60,420,30,0.060,0.8871,0.1129
rf,60,420,30,0.070,0.8871,0.1129
rf,60,420,30,0.080,0.8871,0.1129
rf,60,420,30,0.090,0.8871,0.1129
rf,60,420,30,0.100,0.8871,0.1129
rf,60,420,30,0.110,0.8871,0.1129
rf,60,420,30,0.120,0.8871,0.1129
rf,60,420,30,0.130,0.8871,0.1129
rf,60,420,30,0.140,0.8710,0.1290
rf,60,420,30,0.150,0.8710,0.1290
rf,60,420,30,0.160,0.8710,0.1290
rf,60,420,30,0.170,0.8710,0.1290
rf,60,420,30,0.180,0.8710,0.1290
rf,60,420,30,0.190,0.8710,0.1290
rf,60,420,30,0.200,0.8710,0.1290
rf,60,420,30,0.210,0.8710,0.1290
rf,60,420,30,0.220,0.8710,0.1290
rf,60,420,30,0.230,0.8548,0.1452
rf,60,420,30,0.240,0.8548,0.1452
rf,60,420,30,0.250,0.8387,0.1613
rf,60,420,30,0.260,0.7903,0.1935
rf,60,420,30,0.270,0.7742,0.2097
rf,60,420,30,0.280,0.7581,0.2258
rf,60,420,30,0.290,0.7419,0.2419
rf,60,420,30,0.300,0.7258,0.2581
rf,60,420,30,0.310,0.7258,0.2581
rf,60,420,30,0.320,0.7258,0.2581
rf,60,420,30,0.330,0.7258,0.2581
rf,60,420,30,0.340,0.6935,0.2903
rf,60,420,30,0.350,0.6774,0.2742
rf,60,420,30,0.360,0.6774,0.2258
rf,60,420,30,0.370,0.6774,0.2097
rf,60,420,30,0.380,0.6613,0.2258
rf,60,420,30,0.390,0.5968,0.2581
rf,60,420,30,0.400,0.5806,0.2742
rf,60,420,30,0.410,0.5484,0.3065
rf,60,420,30,0.420,0.5323,0.3226
rf,60,420,30,0.430,0.5000,0.3226
rf,60,420,30,0.440,0.4839,0.3387
rf,60,420,30,0.450,0.4677,0.3226
rf,60,420,30,0.460,0.4677,0.3226
rf,60,420,30,0.470,0.4516,0.3226
rf,60,420,30,0.480,0.4194,0.3226
rf,60,420,30,0.490,0.3871,0.3548
rf,60,420,30,0.500,0.3548,0.3710
rf,60,420,30,0.510,0.3387,0.3548
rf,60,420,30,0.520,0.3387,0.3387
rf,60,420,30,0.530,0.3226,0.3548
rf,60,420,30,0.540,0.2903,0.3710
rf,60,420,30,0.550,0.2903,0.3548
rf,60,420,30,0.560,0.2903,0.3226
rf,60,420,30,0.570,0.2903,0.2742
rf,60,420,30,0.580,0.2419,0.3065
rf,60,420,30,0.590,0.2258,0.2903
rf,60,420,30,0.600,0.2258,0.2742
rf,60,420,30,0.610,0.2258,0.2419
rf,60,420,30,0.620,0.1935,0.2419
rf,60,420,30,0.630,0.1774,0.2419
rf,60,420,30,0.640,0.1290,0.2581
rf,60,420,30,0.650,0.0968,0.2258
rf,60,420,30,0.660,0.0806,0.1935
rf,60,420,30,0.670,0.0806,0.1774
rf,60,420,30,0.680,0.0806,0.1129
rf,60,420,30,0.690,0.0806,0.0968
rf,60,420,30,0.700,0.0484,0.0968
rf,60,420,30,0.710,0.0161,0.0806
rf,60,420,30,0.720,0.0161,0.0806
rf,60,420,30,0.730,0.0000,0.0323
rf,60,420,30,0.740,0.0000,0.0161
rf,60,420,30,0.750,0.0000,0.0000
rf,60,420,30,0.760,0.0000,0.0000
rf,60,420,30,0.770,0.0000,0.0000
rf,60,420,30,0.780,0.0000,0.0000
rf,60,420,30,0.790,0.0000,0.0000
rf,60,420,30,0.800,0.0000,0.0000
rf,60,420,30,0.810,0.0000,0.0000
rf,60,420,30,0.820,0.0000,0.0000
rf,60,420,30,0.830,0.0000,0.0000
rf,60,420,30,0.840,0.0000,0.0000
rf,60,420,30,0.850,0.0000,0.0000
rf,60,420,30,0.860,0.0000,0.0000
rf,60,420,30,0.870,0.0000,0.0000
rf,60,420,30,0.880,0.0000,0.0000
rf,60,420,30,0.890,0.0000,0.0000
rf,60,420,30,0.900,0.0000,0.0000
rf,60,420,30,0.910,0.0000,0.0000
rf,60,420,30,0.920,0.0000,0.0000
rf,60,420,30,0.930,0.0000,0.0000
rf,60,420,30,0.940,0.0000,0.0000
rf,60,420,30,0.950,0.0000,0.0000
rf,60,420,30,0.960,0.0000,0.0000
rf,60,420,30,0.970,0.0000,0.0000
rf,60,420,30,0.980,0.0000,0.0000
rf,60,420,30,0.990,0.0000,0.0000
rf,60,420,30,1.000,0.0000,0.0000
rf,60,420,60,0.000,0.8871,0.1129
rf,60,420,60,0.010,0.8871,0.1129
rf,60,420,60,0.020,0.8871,0.1129
rf,60,420,60,0.030,0.8871,0.1129
rf,60,420,60,0.040,0.8871,0.1129
rf,60,420,60,0.050,0.8871,0.1129
rf,60,420,60,0.060,0.8871,0.1129
rf,60,420,60,0.070,0.8871,0.1129
rf,60,420,60,0.080,0.8871,0.1129
rf,60,420,60,0.090,0.8871,0.1129
rf,60,420,60,0.100,0.8871,0.1129
rf,60,420,60,0.110,0.8871,0.1129
rf,60,420,60,0.120,0.8871,0.1129
rf,60,420,60,0.130,0.8871,0.1129
rf,60,420,60,0.140,0.8710,0.1290
rf,60,420,60,0.150,0.8710,0.1290
rf,60,420,60,0.160,0.8710,0.1290
rf,60,420,60,0.170,0.8710,0.1290
rf,60,420,60,0.180,0.8710,0.1290
rf,60,420,60,0.190,0.8710,0.1290
rf,60,420,60,0.200,0.8710,0.1290
rf,60,420,60,0.210,0.8710,0.1290
rf,60,420,60,0.220,0.8710,0.1290
rf,60,420,60,0.230,0.8548,0.1452
rf,60,420,60,0.240,0.8548,0.1452
rf,60,420,60,0.250,0.8387,0.1613
rf,60,420,60,0.260,0.7903,0.1935
rf,60,420,60,0.270,0.7742,0.2097
rf,60,420,60,0.280,0.7581,0.2258
rf,60,420,60,0.290,0.7419,0.2419
rf,60,420,60,0.300,0.7258,0.2581
rf,60,420,60,0.310,0.7258,0.2581
rf,60,420,60,0.320,0.7258,0.2581
rf,60,420,60,0.330,0.7258,0.2581
rf,60,420,60,0.340,0.6935,0.2903
rf,60,420,60,0.350,0.6774,0.2742
rf,60,420,60,0.360,0.6774,0.2258
rf,60,420,60,0.370,0.6774,0.2258
rf,60,420,60,0.380,0.6613,0.2419
rf,60,420,60,0.390,0.5968,0.2742
rf,60,420,60,0.400,0.5806,0.2903
rf,60,420,60,0.410,0.5484,0.3226
rf,60,420,60,0.420,0.5323,0.3387
rf,60,420,60,0.430,0.5000,0.3548
rf,60,420,60,0.440,0.4839,0.3710
rf,60,420,60,0.450,0.4677,0.3226
rf,60,420,60,0.460,0.4677,0.3226
rf,60,420,60,0.470,0.4516,0.3226
rf,60,420,60,0.480,0.4194,0.3226
rf,60,420,60,0.490,0.3871,0.3548
rf,60,420,60,0.500,0.3548,0.3710
rf,60,420,60,0.510,0.3387,0.3548
rf,60,420,60,0.520,0.3387,0.3548
rf,60,420,60,0.530,0.3226,0.3710
rf,60,420,60,0.540,0.2903,0.3871
rf,60,420,60,0.550,0.2903,0.3710
rf,60,420,60,0.560,0.2903,0.3226
rf,60,420,60,0.570,0.2903,0.2903
rf,60,420,60,0.580,0.2419,0.3226
rf,60,420,60,0.590,0.2258,0.3226
rf,60,420,60,0.600,0.2258,0.3065
rf,60,420,60,0.610,0.2258,0.2742
rf,60,420,60,0.620,0.1935,0.2742
rf,60,420,60,0.630,0.1774,0.2581
rf,60,420,60,0.640,0.1290,0.2581
rf,60,420,60,0.650,0.0968,0.2258
rf,60,420,60,0.660,0.0806,0.1935
rf,60,420,60,0.670,0.0806,0.1774
rf,60,420,60,0.680,0.0806,0.1129
rf,60,420,60,0.690,0.0806,0.0968
rf,60,420,60,0.700,0.0484,0.0968
rf,60,420,60,0.710,0.0161,0.0806
rf,60,420,60,0.720,0.0161,0.0806
rf,60,420,60,0.730,0.0000,0.0323
rf,60,420,60,0.740,0.0000,0.0161
rf,60,420,60,0.750,0.0000,0.0000
rf,60,420,60,0.760,0.0000,0.0000
rf,60,420,60,0.770,0.0000,0.0000
rf,60,420,60,0.780,0.0000,0.0000
rf,60,420,60,0.790,0.0000,0.0000
rf,60,420,60,0.800,0.0000,0.0000
rf,60,420,60,0.810,0.0000,0.0000
rf,60,420,60,0.820,0.0000,0.0000
rf,60,420,60,0.830,0.0000,0.0000
rf,60,420,60,0.840,0.0000,0.0000
rf,60,420,60,0.850,0.0000,0.0000
rf,60,420,60,0.860,0.0000,0.0000
rf,60,420,60,0.870,0.0000,0.0000
rf,60,420,60,0.880,0.0000,0.0000
rf,60,420,60,0.890,0.0000,0.0000
rf,60,420,60,0.900,0.0000,0.0000
rf,60,420,60,0.910,0.0000,0.0000
rf,60,420,60,0.920,0.0000,0.0000
rf,60,420,60,0.930,0.0000,0.0000
rf,60,420,60,0.940,0.0000,0.0000
rf,60,420,60,0.950,0.0000,0.0000
rf,60,420,60,0.960,0.0000,0.0000
rf,60,420,60,0.970,0.0000,0.0000
rf,60,420,60,0.980,0.0000,0.0000
rf,60,420,60,0.990,0.0000,0.0000
rf,60,420,60,1.000,0.0000,0.0000
rf,60,420,120,0.000,0.8871,0.1129
rf,60,420,120,0.010,0.8871,0.1129
rf,60,420,120,0.020,0.8871,0.1129
rf,60,420,120,0.030,0.8871,0.1129
rf,60,420,120,0.040,0.8871,0.1129
rf,60,420,120,0.050,0.8871,0.1129
rf,60,420,120,0.060,0.8871,0.1129
rf,60,420,120,0.070,0.8871,0.1129
rf,60,420,120,0.080,0.8871,0.1129
rf,60,420,120,0.090,0.8871,0.1129
rf,60,420,120,0.100,0.8871,0.1129
rf,60,420,120,0.110,0.8871,0.1129
rf,60,420,120,0.120,0.8871,0.1129
rf,60,420,120,0.130,0.8871,0.1129
rf,60,420,120,0.140,0.8710,0.1290
rf,60,420,120,0.150,0.8710,0.1290
rf,60,420,120,0.160,0.8710,0.1290
rf,60,420,120,0.170,0.8710,0.1290
rf,60,420,120,0.180,0.8710,0.1290
rf,60,420,120,0.190,0.8710,0.1290
rf,60,420,120,0.200,0.8710,0.1290
rf,60,420,120,0.210,0.8710,0.1290
rf,60,420,120,0.220,0.8710,0.1290
rf,60,420,120,0.230,0.8548,0.1452
rf,60,420,120,0.240,0.8548,0.1452
rf,60,420,120,0.250,0.8387,0.1613
rf,60,420,120,0.260,0.7903,0.1935
rf,60,420,120,0.270,0.7742,0.2097
rf,60,420,120,0.280,0.7581,0.2258
rf,60,420,120,0.290,0.7419,0.2419
rf,60,420,120,0.300,0.7258,0.2581
rf,60,420,120,0.310,0.7258,0.2581
rf,60,420,120,0.320,0.7258,0.2581
rf,60,420,120,0.330,0.7258,0.2581
rf,60,420,120,0.340,0.6935,0.2903
rf,60,420,120,0.350,0.6774,0.2742
rf,60,420,120,0.360,0.6774,0.2581
rf,60,420,120,0.370,0.6774,0.2258
rf,60,420,120,0.380,0.6613,0.2419
rf,60,420,120,0.390,0.5968,0.2742
rf,60,420,120,0.400,0.5806,0.2903
rf,60,420,120,0.410,0.5484,0.3226
rf,60,420,120,0.420,0.5323,0.3387
rf,60,420,120,0.430,0.5000,0.3548
rf,60,420,120,0.440,0.4839,0.3710
rf,60,420,120,0.450,0.4677,0.3710
rf,60,420,120,0.460,0.4677,0.3548
rf,60,420,120,0.470,0.4516,0.3548
rf,60,420,120,0.480,0.4194,0.3548
rf,60,420,120,0.490,0.3871,0.3871
rf,60,420,120,0.500,0.3548,0.4032
rf,60,420,120,0.510,0.3387,0.3871
rf,60,420,120,0.520,0.3387,0.3871
rf,60,420,120,0.530,0.3226,0.4032
rf,60,420,120,0.540,0.2903,0.4032
rf,60,420,120,0.550,0.2903,0.4032
rf,60,420,120,0.560,0.2903,0.3710
rf,60,420,120,0.570,0.2903,0.3387
rf,60,420,120,0.580,0.2419,0.3548
rf,60,420,120,0.590,0.2258,0.3548
rf,60,420,120,0.600,0.2258,0.3226
rf,60,420,120,0.610,0.2258,0.2903
rf,60,420,120,0.620,0.1935,0.2903
rf,60,420,120,0.630,0.1774,0.2742
rf,60,420,120,0.640,0.1290,0.2581
rf,60,420,120,0.650,0.0968,0.2258
rf,60,420,120,0.660,0.0806,0.1935
rf,60,420,120,0.670,0.0806,0.1774
rf,60,420,120,0.680,0.0806,0.1129
rf,60,420,120,0.690,0.0806,0.0968
rf,60,420,120,0.700,0.0484,0.0968
rf,60,420,120,0.710,0.0161,0.0806
rf,60,420,120,0.720,0.0161,0.0806
rf,60,420,120,0.730,0.0000,0.0484
rf,60,420,120,0.740,0.0000,0.0323
rf,60,420,120,0.750,0.0000,0.0161
rf,60,420,120,0.760,0.0000,0.0161
rf,60,420,120,0.770,0.0000,0.0161
rf,60,420,120,0.780,0.0000,0.0161
rf,60,420,120,0.790,0.0000,0.0161
rf,60,420,120,0.800,0.0000,0.0161
rf,60,420,120,0.810,0.0000,0.0161
rf,60,420,120,0.820,0.0000,0.0161
rf,60,420,120,0.830,0.0000,0.0161
rf,60,420,120,0.840,0.0000,0.0161
rf,60,420,120,0.850,0.0000,0.0000
rf,60,420,120,0.860,0.0000,0.0000
rf,60,420,120,0.870,0.0000,0.0000
rf,60,420,120,0.880,0.0000,0.0000
rf,60,420,120,0.890,0.0000,0.0000
rf,60,420,120,0.900,0.0000,0.0000
rf,60,420,120,0.910,0.0000,0.0000
rf,60,420,120,0.920,0.0000,0.0000
rf,60,420,120,0.930,0.0000,0.0000
rf,60,420,120,0.940,0.0000,0.0000
rf,60,420,120,0.950,0.0000,0.0000
rf,60,420,120,0.960,0.0000,0.0000
rf,60,420,120,0.970,0.0000,0.0000
rf,60,420,120,0.980,0.0000,0.0000
rf,60,420,120,0.990,0.0000,0.0000
rf,60,420,120,1.000,0.0000,0.0000
